Interaction_ID,Customer_ID,Interaction_Date,Interaction_Type,Issue_Resolved
5a367006-c47a-4728-a042-c4c6ddd9ee3e,4166b61a-cb6d-4190-ac0b-df812c0308ff,2024-08-07,,True
544d6348-cc9c-4c36-9fbe-eaf7e845e682,cc9a2115-b197-4a2b-9a6a-0fb2da5a0c73,2024-01-30,Email,True
b1739e10-0690-4ec6-9a6b-147127c0f388,1f22e566-13a0-4758-b42c-b0f6e997d46c,2024-06-27,Chat,True
3d9dcd53-7edd-4672-bfcf-a03b430b2935,dae0689d-0c38-440c-b921-fe2413c3df3b,2024-07-20,Email,False
2861521b-43ba-45d9-a0bd-9ee5c2e3edf4,c1e7a24a-0cc4-4a3e-8cf1-1e3487076ef4,2024-05-31,Email,False
a5131e7a-dd45-4a35-8682-e0046c96aa8c,3f39f7c4-6613-4438-a6ab-65c259b6d2d1,2024-06-16,,True
ad3c5734-6090-40b3-b622-acc81d92a1d3,1d664e5b-d86e-4a54-9d4f-11efa34f9686,2024-07-20,Chat,True
5e8c084d-183b-439d-98e6-e10015d50abd,230d356d-0e2e-42f7-a1aa-b80fe11f3b8d,2024-08-03,Phone,True
74e6759d-2483-4279-a10b-d47270b90a70,bc7a1591-33bf-464d-ae17-fdc622dd31d4,2024-06-07,Phone,True
92d1ce67-b569-4e05-b1db-6cae4e267d50,db150905-e2d4-47d2-840d-65c971d634a2,2024-05-13,Email,False
1a543773-c1af-4020-85c7-60cfbd9e5c03,afdc2a3c-a1f6-49c2-91a8-734374338851,2024-05-11,Phone,False
3d8b756a-144f-4595-b67d-7b1a83356a4a,81a236f9-f583-4480-80e3-d0b288c991d9,2024-08-15,Phone,True
81901777-4b87-42a9-8744-a15e2596c57e,8e39546e-5d13-42c5-b956-84d02ba2e1b7,2024-03-09,Phone,False
b8e33e76-6611-4613-963e-be59daf3f55b,77fad2f0-0e5c-4a1d-b7da-63e154f71b8e,2024-02-19,Email,True
94b3483d-40b3-4b2d-a158-e56b9152bf3e,83f85be8-d495-47ab-bea3-adfc7d241082,2024-07-29,,True
033625ce-674b-441c-a23b-72a803edd5e7,fdb19bbf-7ee4-4833-bba6-e9b22a898e39,2024-02-24,Phone,True
80c413d7-e9b9-4f60-a8a7-00c366e08de1,2862a3af-dd74-45d3-9606-06cbc60729a4,2024-08-12,Chat,True
49cfc159-62cf-4d22-82e4-75e801815f2c,9f8a4fa9-aaa4-481b-98c3-216d940a4ac6,2024-05-15,Phone,True
63b91b09-44d4-4729-823d-54270f9616e0,66bf0b0c-ef19-4104-958b-fe54d80fe054,2024-01-29,Email,False
c7e3e03a-87ea-46b6-93e7-aa096acba6d6,d4bb43e8-8f72-4ff6-ab26-b6fac8f26584,2024-01-23,Email,False
40f3523e-9d53-4737-ba51-293e452f28a5,6693ba68-e359-4332-9500-1c6bf20b81c8,2024-07-02,Phone,True
9cb2062d-e49a-43d5-a416-8eafab054efb,55d71f6a-a09c-4e86-86ae-c2c13e4fa152,2024-04-21,Email,False
485ea5cf-48d9-4352-8871-4aa994e86011,98508bcb-cc65-43c1-8126-dd6aa3831d5c,2024-07-05,Email,False
1cb26ae2-d23d-4785-b17c-edba04e29bd3,d625e728-93bf-4b14-8bd6-0fa9260e01f8,2024-03-03,Phone,True
db703fa3-eaf4-405a-9fb2-593aec563e53,e038c0d5-276b-4767-b22a-2f489f76d9ab,2024-07-14,Email,False
0cf75da9-81e4-4539-a6a7-b34d20260bca,139771bf-31b5-4508-bcca-9108a68d4ab7,2024-06-13,Chat,True
da15feab-95c7-4d05-8d59-6a831481ed5a,56913285-ca55-478c-9458-f85607bc2882,2024-05-25,Phone,False
4062ff82-ee9c-411d-b27b-f333374ee856,eb719f2b-721c-4e0e-b322-2074dcc4699e,2024-01-02,Phone,True
eb4db189-6931-4e2b-967c-2fa2e24193f1,df6c1c7e-8f4f-45dc-aaaf-3428c8646537,2024-04-02,Phone,False
460da5fa-b855-48d6-a465-4f102ecbea3d,72273f1a-f65c-4c13-89c9-806c1df61451,2024-06-08,Email,False
d258c071-7aba-4d23-ae94-e6e38b40680a,ea448055-3fb4-4d50-b080-1e362b2d757f,2024-03-13,Phone,True
5f6d3790-f7e6-4bcb-a3e0-0e6713724cb3,d175f8f1-f29f-448f-a9bf-28d9d20e6d47,2024-05-10,Chat,True
be8064e1-4c06-4680-b327-7c6e467f6681,cc9a2115-b197-4a2b-9a6a-0fb2da5a0c73,2024-07-07,Phone,False
086c4b29-8e13-4866-9ff0-83375cd19604,a22797d7-1202-4ae3-9266-a3a33bd5406e,2024-02-20,Email,False
628d7a8d-5421-4e50-a849-f66176d6d8af,6e46a1e4-4537-4371-9ae7-548c56943336,2024-06-04,Email,False
b928c5e6-a929-40f2-827f-e8fa7f832a34,32ff8abe-2cb4-4c16-af6d-a9359e4de2f0,2024-06-06,Phone,True
032c050a-b70b-4fd2-9f1a-c4050d1d53ce,fe887e53-e78f-4207-8e5e-73e38baf3e0d,2024-06-08,Phone,False
a783f0c2-5cb3-4ae2-9119-c99468641ccb,4a9590d8-9663-4dbe-94c2-2a949a4471f7,2024-04-21,Email,False
7a97b843-7b85-4e27-8168-01a60bfeb241,dfce9c24-71c4-4cd8-9b59-f34e48842979,2024-04-19,Phone,True
c7ca7758-dd74-470b-96c0-154688353692,44d6a920-5aeb-4543-a174-690164e3ed0b,2024-04-22,Phone,True
e5928775-11a7-427c-a76b-26fadce47d7f,01d13428-d511-4c3d-90c7-b5624931ff48,2024-02-28,,True
23daa6b0-31d6-4115-80d3-7c95f165e06b,64c3b31f-351c-4445-b609-1813020cef91,2024-03-03,,False
1cd22fb4-9267-4ca9-bcd4-3fec2a2f0dee,614b4d0b-a21d-44de-8e85-fd62680a63fa,2024-05-11,Chat,True
cbcd5d21-52aa-4987-b867-a9ee224d633b,0bab460b-e8fc-4d21-83b0-d124c55c8f41,2024-02-19,Phone,True
9ef14053-c831-43e4-bf42-082389ce6620,4da4d70a-a5bf-4430-9f9e-11be2fdf42fb,2024-07-09,Phone,False
8fd4fcd3-76a3-42fd-b390-eedbdb88eeae,5aa953b3-e4bd-4b14-be0b-9e895d39156c,2024-08-13,Chat,False
cb057fc4-20ff-462d-ac41-07a8b4595943,39ec85ac-c692-4946-8da8-7db6afa34dc3,2024-04-18,Phone,False
935da7b2-9351-4af9-854f-56b6e912f368,52a86091-196e-4b0f-8f78-c252ace37d28,2024-07-22,Chat,False
c83a6e6f-6370-466e-863d-cecdf408c5e3,f20755f6-8481-4904-afe6-504451ceded5,2024-05-22,Chat,False
0770ec35-cf0c-471c-82dd-722d6d28dba3,8419e344-58ce-4627-ae66-9e44f345dc2a,2024-05-30,Email,False
7ac02008-d385-4442-82d2-e299e5574224,a956e5f8-b764-439a-b921-53cc68af9d0d,2024-07-04,Phone,True
1066b357-ebb8-4958-9d17-4bb15fa3215f,ef24853c-6ee0-4dd1-9c7c-edd767420a6c,2024-04-04,Email,True
a7f83cfc-ab36-4ca4-bcdd-da220e034859,1189a9af-0112-47de-a3d7-2a37de35475d,2024-07-15,Phone,True
a7ce984a-2ee8-4443-8fb7-5d552de9fe98,69ac4875-45f6-48dd-8633-01f8bd09bc88,2024-07-03,Email,True
da64dcb8-bbda-40d8-a295-b1c921f2e81f,dcf23921-ec46-463f-8649-2044a7d3163c,2024-01-27,Chat,False
2326370e-205d-4baa-9d81-c15d16d08ea0,94076d20-2d99-415d-b532-8232d6539b32,2024-07-11,Email,False
ec8eb289-ec07-4df5-8f5d-206974c3cc66,eb719f2b-721c-4e0e-b322-2074dcc4699e,2024-04-03,Email,True
83dbf002-3d6b-4677-85af-782a5773457b,2140af6b-0b34-434e-a567-c8c2fa36dacc,2024-03-09,Email,False
2ea43050-75ee-4c12-b9fc-92f4ebc596e4,35e9370c-b4c6-45c0-b6c7-85a9474fca61,2024-05-21,Email,False
4f0854b9-da37-43ab-8e93-9c89042e05a6,94076d20-2d99-415d-b532-8232d6539b32,2024-04-05,Chat,False
1b57d207-4b3e-4e65-831e-510d02bbf3c2,c2f23a03-dacf-4454-84fe-9fc71c0823b5,2024-07-27,,False
255e5d73-c709-437c-b4a4-da10be30b374,07ca86c3-8485-47a5-9d90-d8ccf2f12fe0,2024-01-25,Phone,True
36dd4199-362f-4928-91ac-2becc4658ac1,2b2673a4-7eed-4776-9b21-12cc5fb6ed51,2024-04-25,Chat,True
01e76b25-0523-40a0-a8f4-96275c2eb940,c2622e7f-1cb5-4dc2-90d2-46fe480dcae1,2024-05-03,Phone,False
6f9ea2e3-4708-4854-9a71-51416c0f6d91,e47edfb0-2977-434a-8bc3-f75b8b6ea95c,2024-05-13,Chat,True
ee6f9bc5-0e25-4b17-970a-9335f10d6d6c,742f0811-2251-4809-b175-2f6b2be2baa3,2024-08-01,Email,False
48004f2f-c922-4e80-b242-63442a1eb6c9,822fe765-a84f-4f9e-a7de-3e2974f39647,2024-02-25,Phone,False
a601ea2a-df14-4017-ba48-03f39a6313b8,a5571fa0-25bd-4d78-a2d7-fa8eb23cdba2,2024-04-25,Phone,False
447b9a58-fe4f-4d3a-928e-93e7e2ae6897,d45d89c0-b213-4ac0-88fe-9b34f9303791,2024-01-16,Chat,True
d65e84b4-a3dc-4b33-9377-43165afc2077,d6910a32-d23a-4450-b409-ab287937e50c,2024-07-06,Phone,True
f29f3d80-963a-403b-a3f8-e473138cabba,601e4cee-bf02-4075-aa48-34915d171ad5,2024-04-06,Phone,True
f9e6b8a7-f9ee-48d1-9ffe-98c15f19e423,c756b950-6500-4c4a-90c9-61aea582d3ab,2024-06-28,Email,True
92af6dda-8ed1-4e29-8fdf-007de90e407d,2c3bd8c4-4a3e-4b37-8a48-2f5a1229ba43,2024-08-07,,True
76e63ef7-4398-4cf8-9fda-e86d6344fbd3,431c3974-f686-4979-a530-198189717bfd,2024-01-09,Email,True
2d00fe7b-416b-48ac-a31a-29434b27679b,3798d046-0526-4bc0-948e-e522e5e63894,2024-02-07,Chat,True
764f7ef7-be58-4cfb-a49f-f419fb541c4a,6f9a6e6a-a04f-49e3-974e-508015eec9f6,2024-06-04,Phone,False
b1ff94aa-d69c-455c-a0b8-bd4271280ad5,4dcdd84f-3ba7-48b4-9aea-50fb92be028f,2024-02-18,Chat,True
aa06455c-0299-4b32-a47a-7e8d58405c3b,89c077ce-2541-44a3-9193-94cc150e69a9,2024-06-29,Chat,True
46b939c2-c63e-4c4a-958e-5c6da105288d,e6d8f10e-2ae8-446d-a0ed-bd0b5d29b3b6,2024-06-27,Chat,True
9468d94b-8679-4d82-8d1b-5a1c911e8c66,c11b56a9-62cc-4b81-89a5-88781dc00f00,2024-03-02,Phone,False
4017d059-5186-4d1f-87b5-7cceeb7a8c81,1f22e566-13a0-4758-b42c-b0f6e997d46c,2024-07-20,,True
1870a738-d3a7-4cc7-a330-17e0b4865df7,d46dba64-9572-42fb-a302-7b2ca9d4d303,2024-05-07,Email,False
1e483fc8-bd3f-4f1f-88f2-7fb0bde124ba,fcea4c3d-d19d-4181-ab9b-5e5b1f26cf96,2024-02-07,Email,True
238ef907-f467-403b-bb8d-50b7e13b1f4f,4a9590d8-9663-4dbe-94c2-2a949a4471f7,2024-03-27,Chat,True
d64b1777-548a-4ebd-b189-bed44c7d7b5c,5f3977f9-82ae-42d7-97b5-114e8274b349,2024-04-26,,False
6b1d0d29-12c3-4a1c-9906-ca68e7e913eb,b8564eba-3bc2-4300-a6a0-7c2d32c5258e,2024-01-05,Chat,True
bd4b9ec9-87f6-46f4-929f-fe12c84d92b2,e311bd6f-bf8d-4564-91d7-7167be83ac00,2024-07-09,Email,False
958e6f0c-3490-4764-ab07-82d51a4322a2,8419e344-58ce-4627-ae66-9e44f345dc2a,2024-02-22,Phone,False
825b4010-541d-499d-be19-ae5f9a2f51c4,febd4cc4-d9ee-49d7-a4f2-1dcdbe1c49a5,2024-06-01,Email,False
d290f758-05ff-47cd-9d9a-154d79c5de73,c11b56a9-62cc-4b81-89a5-88781dc00f00,2024-02-05,Email,True
88654d63-8377-44c2-9161-fab1bb26f2a5,c9b2ee90-9c2c-4140-9059-0470d7e76266,2024-05-10,Chat,True
8822ba0e-e0dc-44d8-b300-37db54b8401c,3b480637-ec8c-4eb3-b6d4-d371107eb422,2024-01-06,Phone,True
fefda3db-82dd-45d4-878b-983df59e49ad,5c611a44-3106-4923-b046-ca494210731e,2024-02-04,Email,False
da3f55a2-1545-4ddd-99fa-f63a93799b42,4d49980c-3673-45b6-8dec-800abe913197,2024-05-23,Email,False
263e9ee2-4ef5-447a-8f8b-b552d1b092cf,83f85be8-d495-47ab-bea3-adfc7d241082,2024-07-02,Phone,True
9617896c-5fa5-4384-9720-c702e861e776,c2622e7f-1cb5-4dc2-90d2-46fe480dcae1,2024-01-13,Email,False
31e2d02c-35d8-4bfb-b939-896e8c1e2a01,b8eaa8af-fe31-4f60-a4d3-2037756d4e56,2024-02-21,Email,False
f2a8b6eb-dc3c-4bad-ad01-eaf219297bae,ef40cc10-51e5-4470-a36d-8072f9cfa870,2024-04-23,Phone,True
6d366444-3ad1-4f74-a2b4-0e954fb1bf7c,d7522cab-f713-4c74-9d32-fadba3a20a85,2024-03-29,Email,True
996fc80a-eba1-49e3-8850-0d1c2076dbc8,3e77461b-6339-47c3-b701-14ddf2d53df0,2024-03-13,Phone,False
3324694e-a580-4e3a-ab9c-e71922b3c8c9,2cc1e020-c006-4a52-8e87-bb154e882a72,2024-04-13,Email,True
f2d0de97-90d5-4435-9518-5210e3f72ce4,c09bb5b8-b44b-4f81-a231-36843fc824d2,2024-01-17,,False
a9439620-7cd6-4a78-925b-1d4559dcc752,77fad2f0-0e5c-4a1d-b7da-63e154f71b8e,2024-05-28,Email,True
605b2369-112d-41ec-a5d2-c8e8f4a91989,32c43310-2156-40bf-a0bb-88ae963c2b3d,2024-01-10,Email,False
29e2474c-bc68-4496-abdb-1ef2e6811a10,c6061e5f-c4ba-4f2d-94eb-da34579f8519,2024-07-07,Chat,False
017a1931-184f-4dd6-8ee0-a9a937a22ebc,5aa953b3-e4bd-4b14-be0b-9e895d39156c,2024-08-09,Email,False
9dc0c6f4-5a5e-4817-8e9f-7d06d120a47d,3e1907bd-306b-4612-b03f-9964c54d5f00,2024-02-16,Phone,False
45ac2899-de72-469f-8565-12c66687226c,dcfde7f7-afda-460a-824f-3d0a873d057b,2024-04-12,Email,False
0b878757-82d9-4dad-86db-f248606a4219,87728329-1121-4e4c-b2d7-35cca67a2275,2024-05-07,Chat,True
4bc40329-e33e-4fee-9eae-71b3040acbc3,8d356841-fb0c-4dfa-9f69-537edf941b50,2024-07-23,Email,True
52c92ea0-fdc5-454b-83aa-0ddabeb6d9da,0b58c0d1-eb41-4b32-9487-6713b6d2cff0,2024-04-01,Email,True
f4655413-dba8-4625-bd30-0164e684db6c,244c19ed-7991-47e0-8947-741e1af8ead2,2024-01-04,Phone,True
58372a60-f4de-4fcd-92da-41ef3d5111d7,500062b9-cd7a-404c-8ab3-19a254ca9455,2024-04-18,Chat,True
d580bbc7-de41-4462-9141-053d3936872f,a22797d7-1202-4ae3-9266-a3a33bd5406e,2024-01-23,Email,False
78f34735-3c40-4e5d-9abd-271531cf19b5,149b8752-cedd-4c06-bbf9-aeadef2ec970,2024-05-16,Phone,True
3d0c97f8-4160-4735-9ed3-4cba8c31e909,dae0689d-0c38-440c-b921-fe2413c3df3b,2024-08-01,Phone,True
e49e39b1-64aa-4f90-a787-0531b3ccaac9,54ba475c-eed6-4d9b-ba8a-1652f11acbc2,2024-01-30,Chat,False
39e9551a-b7cc-4d45-b7ae-e1e4f509c580,c2622e7f-1cb5-4dc2-90d2-46fe480dcae1,2024-05-15,Email,True
0964f035-1e28-4976-a537-d15cb675257f,489f42c9-55f0-44d8-bb59-55c524accdc8,2024-04-25,,True
77b359a0-6f44-4d80-a1af-8d7a9b223ac4,3aabadef-3088-462a-85eb-df11f13f2e61,2024-02-19,Phone,True
42d55c63-fb61-4925-8d65-841c73fe2cc4,07ca86c3-8485-47a5-9d90-d8ccf2f12fe0,2024-07-27,Phone,True
cc7890dd-46dd-4bdd-9c7f-2c1d0df69a42,b7cc50b3-970a-4ba6-9503-b220c104467c,2024-04-28,Chat,True
94226172-f2bb-4102-86dc-d11c53648335,ffabe3fc-2780-4068-a25a-2d8174152b10,2024-06-03,Phone,False
c9b37fc2-effd-4e70-a446-5f5280f31f43,e8149776-a6c9-4412-9436-492cbbe69d53,2024-04-10,Phone,False
67b352d7-d11b-4b9c-82ea-494ce191e381,ff3a6c5b-77ac-485c-908a-0118aeab482d,2024-04-12,Email,False
2261e8f1-4fae-4700-a7b4-baf894a4b4b1,b57e5b8a-f34a-4bc7-93a5-3a528719706c,2024-05-24,Phone,False
9a088437-aa9b-4546-85fc-294ceb2b0c56,44b76e6b-5b75-4080-a619-d310669b11c0,2024-04-04,Phone,False
ad90defe-79eb-45b7-823c-a2e7e477d2d3,8882d25f-56f0-46d3-b778-8b3e4d16f519,2024-04-28,Chat,False
38efc395-bbbd-48be-b401-06ed6e80316d,7622c988-b135-4108-8c85-f99b453b1f9d,2024-02-15,Chat,False
9d7eaca6-e69e-49fb-bbd6-71631470f3be,93d47a90-0e32-498a-96f4-b33c1ee5d23f,2024-06-08,Email,False
121a817d-3016-4f79-be48-7328a5c0c6af,b58957f3-667b-462a-9fd0-dc93ff521145,2024-03-11,Chat,True
2c3e01ff-9811-4252-aeec-3def6d2b0c28,babec972-ffb3-4c56-99c3-e8e3855adf0f,2024-08-12,Email,False
89fd44ef-7e4f-405a-91c0-39b46fdf3a80,0e206840-2f54-49e4-a0c1-7966e11ed3fc,2024-07-23,Chat,True
ea197004-ced9-4299-8ac2-4df630ccb202,088dcd89-6393-405e-9059-f7504fcebf4e,2024-04-12,Email,False
3888f286-44e0-4cfb-b295-080c94f98502,98c39fbb-93bb-4c88-b540-042c1cd9433e,2024-06-15,Phone,False
b4ed23e9-141c-4ec9-9f3e-6ca4795936b6,746c6bb5-6e44-45c8-a8c1-bd56a3396b9f,2024-07-10,Phone,True
9fd73f7e-ec07-4465-a73c-f7ecdad69ee8,236c5923-6279-4dfd-9305-87215258e57f,2024-06-17,Email,True
2541c3c6-e0fe-4bc7-951e-9914c2eebd23,48f17009-8f9a-4b05-a050-d881008a790b,2024-06-18,Email,False
2e3af143-fdf7-4a87-8ece-d93468fc136e,363334ad-e69d-44f5-9907-b817bf4bed8f,2024-08-09,Chat,True
6751aeba-7b8d-450b-835a-70de0a7413b9,21481327-547c-4927-8a2b-501ccc395aff,2024-08-06,Email,False
97df925e-04e1-47e4-8ba4-4343210b566d,025f5aca-fdb3-4dad-82e1-641eecf92d50,2024-07-03,Phone,False
c6585d26-0932-40aa-9dab-60e5064c776b,52a86091-196e-4b0f-8f78-c252ace37d28,2024-02-16,Phone,True
55318535-4687-4426-82c9-8f0278ec50a9,6f632742-7f7b-48e7-9c3a-4c5e927f3c2e,2024-06-09,Chat,False
386d9def-d138-465c-b1cb-b8312a308de0,ea0fc986-f19d-4eb6-9a00-7e1c1bc6025e,2024-03-06,Email,True
4b26c2c6-d333-4e47-a863-c0359b8642f2,bde317de-ef02-449e-9c51-fd3d4874f527,2024-01-05,Phone,True
e5d36436-bfc2-4273-b126-e7193fe458e7,b70e7c3c-6c5a-4469-88ac-b2857e5a92ed,2024-04-05,Chat,False
ec1a1c29-7a51-4d66-8066-5a2b13a027f8,20566376-aa05-4b75-915d-93d7496202d0,2024-06-15,,True
a0b7af33-71a7-4d25-8121-84dcf77d851b,48fd0fea-3e22-424a-b63b-d7cfd99e27dc,2024-06-17,Email,False
a1b65d44-76f6-432d-8eb4-f453ec72b302,df6c1c7e-8f4f-45dc-aaaf-3428c8646537,2024-04-11,,False
aaf8b6de-f611-4e1d-a8c3-a1e62ba697bb,6bf29934-331d-4f11-b00d-1b1bf5bc3012,2024-06-10,Chat,False
998846cf-8b08-4d93-827e-1acff886e4f8,68ffaad9-862a-42e5-b62a-07b4444e162c,2024-08-03,Chat,True
708c0191-5657-4ab3-8ae1-dfaf82504f45,a24f83e7-7de7-4196-a7a7-ba9d21823b14,2024-03-09,Phone,True
3d8b74fa-8580-46a3-b9c1-1540af687067,4d49980c-3673-45b6-8dec-800abe913197,2024-04-01,Chat,True
e0ddaeb4-9710-4794-945e-29c962df63ed,b38a8161-d182-45c1-92eb-c5fba24dd198,2024-08-15,,False
5b7622de-06a7-4bcf-b767-2e7a0f03a102,ff05ceba-f459-4714-a252-e03198d9934c,2024-07-30,Email,True
58f8cdb8-d2d6-415b-8bf9-56e597efddc2,c1ef6db1-e10f-4ffa-b055-7a65d2f15401,2024-07-20,Chat,False
6ba9b288-2bcd-4014-a148-c5e017c9098d,01d13428-d511-4c3d-90c7-b5624931ff48,2024-05-20,Chat,False
9797d66f-7bf3-4a64-b726-8465fe38e33f,352ac394-fb15-4e8e-84f1-2ca130a159d5,2024-06-14,Chat,True
6e71efbd-f339-424b-b592-f76ba843906a,c2f23a03-dacf-4454-84fe-9fc71c0823b5,2024-02-15,Chat,True
df51dfac-9ff2-4b97-8850-9daa56c44769,44d6a920-5aeb-4543-a174-690164e3ed0b,2024-04-18,Phone,False
f03db9bd-57f4-450f-8a08-8c25bb86f186,746c6bb5-6e44-45c8-a8c1-bd56a3396b9f,2024-05-11,Email,True
e12fcd94-b227-4036-ae04-70ee5964334b,489f42c9-55f0-44d8-bb59-55c524accdc8,2024-01-22,Email,False
4f5c0614-263d-47cb-b460-cd13d6f18ee4,c2195696-d59d-48aa-9e98-2457bb790034,2024-07-19,Email,False
30862f52-f229-4b5c-b0bf-2b1d70a1006e,8056d143-f0d2-4bc5-997f-bb4e063836e6,2024-07-16,Phone,True
f8fe6288-ab76-46c9-805c-be8b83373008,d6910a32-d23a-4450-b409-ab287937e50c,2024-05-25,Chat,True
708f785f-a4f3-4896-8727-f1c98bd4688d,856a3393-0d6b-482f-96d9-04e19d17677a,2024-08-13,Phone,True
c1da59fd-cff9-4322-bca2-783c65626178,b8e96810-c0bc-4b5e-8e2c-8b61afd70831,2024-05-05,Chat,True
07ae6eff-5652-4290-a2f0-0f7a50de7e87,c756b950-6500-4c4a-90c9-61aea582d3ab,2024-07-15,Phone,False
cd7c355a-74c2-4aa3-a4c4-299cef4f2447,1d664e5b-d86e-4a54-9d4f-11efa34f9686,2024-01-07,Phone,True
f242825b-c603-4683-ab34-a3c2f4d004d4,025f5aca-fdb3-4dad-82e1-641eecf92d50,2024-07-13,Chat,True
dbed2528-f701-40d4-a2c7-341d2969f1a8,f80f4c90-42bd-43ad-8111-631c5ecac97f,2024-07-25,Chat,False
58381f52-389e-4bc2-9c97-1dc12315db75,9fde07a1-09d5-4c61-bcbd-4ac93e845af9,2024-04-16,Phone,False
2abf78b6-c31d-47e3-afb3-1e0545c61277,f963092b-fa72-4017-bfa5-a7daec18bc46,2024-02-12,Phone,True
f55809b7-8ab6-4404-96ce-4fb5185d3b4f,7cdaae1c-7eee-4b39-a90f-8ee3cdb1ecb3,2024-01-12,Email,True
e4c3fcf4-d1df-4600-bd78-ee4c8097c982,98508bcb-cc65-43c1-8126-dd6aa3831d5c,2024-08-12,Email,False
f58b70ed-4a8b-4d04-9b2f-6cc9dedb75a1,56c358bc-4463-4ed7-a555-56878d20bfc9,2024-07-19,Email,True
2b89fb8c-6d2b-43ff-a4a2-e813c54a13d9,c6061e5f-c4ba-4f2d-94eb-da34579f8519,2024-03-30,Chat,False
81dd0b73-0bc0-458a-ac8c-d55062f27a51,433fb306-e4da-40f1-bb7c-ec519c430ff8,2024-07-18,,False
43a82d07-278f-4605-982b-c95d29c3ca19,0bab460b-e8fc-4d21-83b0-d124c55c8f41,2024-01-22,,True
c3e7cdc5-fb37-4bc7-8002-db94a7516c97,590361a8-caa0-424c-8d77-70608c42795b,2024-03-18,Phone,True
c684fc3f-4334-4244-be7a-f33b1f3716e0,acd954dd-52a7-4c51-8bc6-d587e562ec0e,2024-04-29,Email,True
7498e804-13a1-4055-9061-a065b7f58b47,d1ab5bf3-78e6-47b4-8db4-7064beb9482d,2024-02-29,Chat,True
394a80d5-39c4-4ac9-8fe3-8035e7af1d9e,fd2111bb-5635-40f4-90a5-68c4e90c9304,2024-03-19,Chat,True
067a3d7f-82f1-47d0-bf49-040242731d65,230d356d-0e2e-42f7-a1aa-b80fe11f3b8d,2024-05-15,,False
ef9e1015-3cc3-44de-b45e-43bd69b90ecd,d46dba64-9572-42fb-a302-7b2ca9d4d303,2024-04-16,Phone,True
f9ee97e2-af10-43c0-98ff-f32c07e4896a,8758831f-c1cb-4369-b61d-55de280a4dca,2024-02-11,Email,False
6bb4568d-d05c-4124-be85-88cc45fbd7f9,ad9465fa-eb61-4faa-84ff-e5194bd62ea2,2024-06-14,,False
32571478-c479-4800-a052-1b7c2eb39146,9d32e2e9-9d94-422b-b6dc-730b2fa668fd,2024-02-21,Chat,False
07b6e7c7-b860-4ee7-8967-ce056c96fe4e,197179e6-d4ca-472b-a976-44e3ca91d064,2024-02-23,Phone,True
a0c212b2-2ba1-48bd-9211-d8fcc5c0afcc,2d11a74e-60f5-481a-975e-ff100dc15b05,2024-02-21,Phone,True
c3ba3c1a-1007-4b68-b707-27b67c3035ec,8e5cd20b-e463-42f4-83cd-c50d0c72169c,2024-03-29,Chat,False
4cf5f97e-b8c4-4186-8d8a-83cd980ac225,9ee25ed5-e5ae-483e-8e89-08ae39f3088f,2024-07-19,Chat,False
29747f78-ddc6-4b81-b95e-121dab0e4894,51983bd3-03a4-42c8-b784-e978d8771d0f,2024-06-27,Email,False
3f6c504d-2269-479b-ab04-1e2ff4507f3d,e390fd9b-f416-4179-82d5-54f275ed749e,2024-07-13,Email,True
808b1cec-ec9e-4a7c-91c2-f95de975852c,470a6b1d-1ead-4843-b58d-4ca3f441db4f,2024-03-03,Chat,True
938a10fc-17f6-4dfc-b9eb-ace1aae3b743,3b480637-ec8c-4eb3-b6d4-d371107eb422,2024-08-01,Phone,False
c43caba7-be42-4495-b4a1-9945158a33b7,96012fd8-091c-4290-a3c3-b8fb9b8772e0,2024-05-15,Chat,True
d0439354-5084-4196-b2f2-7929dec635b8,10eb0f3f-a266-4e1e-8b39-108a292e21e9,2024-05-26,Phone,True
80bc8c22-e137-489b-af97-61ece63367dc,56913285-ca55-478c-9458-f85607bc2882,2024-05-09,Chat,True
df2abb2e-0268-44b4-a38f-34602c35ee48,d175f8f1-f29f-448f-a9bf-28d9d20e6d47,2024-08-06,Phone,False
48cb0509-e835-487b-b115-48e3ea95f41e,04ad0d8e-9199-4b32-94b6-55fa1868c331,2024-07-29,Email,False
25431bc9-dbba-4a38-b39f-40888967ecd2,54ba475c-eed6-4d9b-ba8a-1652f11acbc2,2024-01-01,Phone,False
df374d6e-e19d-443a-ac37-3fd0ffd24582,84441f52-77e5-450b-97d2-80f64c5c4fb4,2024-02-24,Phone,True
f87d32b4-80ec-45f5-ab39-c2070e06952a,e7e0f57d-c9c0-4f95-b73c-a8fc4061dabb,2024-02-09,Phone,True
6ed9a9bd-7c72-4add-bd56-b7d9912ef2fd,16c06854-b963-4325-bf44-295783569f40,2024-04-04,Phone,False
554864e9-d37f-4aa3-ab9e-0fd318a77e66,df6c1c7e-8f4f-45dc-aaaf-3428c8646537,2024-06-18,Chat,False
18007279-c9d0-4862-b6fc-aeb842c15628,bbd6947a-99f5-4ec5-8f88-c77cd6391a20,2024-02-19,Chat,False
40565b72-d938-4e58-a121-73547e4c3432,b6878cea-1767-4d07-bba5-a1a762f27aee,2024-06-09,Phone,False
a8492878-ee3d-499b-9641-e1ce50867007,3167751a-2b48-4dec-92d7-a36492ae65ce,2024-03-18,Email,True
631e0a91-7b92-42ba-b92c-22042762131a,10cb18e7-f765-4336-bed6-32e5845ce923,2024-04-10,Phone,False
b7051135-5f14-491d-9abe-93e188f616e4,9f8a4fa9-aaa4-481b-98c3-216d940a4ac6,2024-03-06,Phone,True
392b129b-ad23-4e78-948e-9980ed154c81,d6ae30a4-41de-40b1-8f7b-3acdcaedb4ce,2024-08-19,Email,True
77083f84-d95a-40ab-8c8e-c6946c100b75,96012fd8-091c-4290-a3c3-b8fb9b8772e0,2024-03-19,Phone,True
6b60d5ca-1b62-4ee1-8b10-4c3145579325,5372abfe-a410-44a5-8e36-31bea77cc6dd,2024-02-23,Email,True
9ed232a0-1b61-4ae7-b6a9-5dba81823ab5,1d664e5b-d86e-4a54-9d4f-11efa34f9686,2024-07-08,Email,False
2e5dc366-051a-4e59-bc6f-eb59b7334d01,f0726893-40da-463d-aefb-707b73f796e6,2024-02-26,Phone,True
f38df883-04e0-4a7d-b94f-8042b77f7022,e389eea3-1879-4df8-9311-fb2b068c4082,2024-01-17,Phone,True
f9f4a55f-9178-4626-8622-9ce599407e3e,c756b950-6500-4c4a-90c9-61aea582d3ab,2024-07-28,Email,False
e28c1e94-e190-4815-95a3-a4cf296ac152,66ef8007-45fe-40cf-a6a4-6ceac9a7c5ee,2024-03-14,Phone,False
c05158d0-0a48-4266-bc5b-7551a2698986,0b7f37a7-5ef6-4514-afa5-87f24ad4ea70,2024-05-14,Chat,True
db7948e5-e049-48b7-b7e9-8f6835e85c39,a816cf2d-0c49-4c1c-9a05-64715fc11b29,2024-05-18,Phone,True
860ee127-1002-46b6-b235-1e0051401574,ec910504-7738-463c-b269-1b1617b09ad1,2024-01-26,Chat,False
4c54d76c-d792-41da-b8c1-fc14fc74b1f9,cbbcf29e-4b50-41b9-acdc-53318fa98227,2024-02-11,Phone,True
05eeeff1-bc23-47ce-8473-933385f19b23,2d374acf-1c9c-412e-ac53-90e9892ac707,2024-02-03,Email,True
3f5e79ba-8306-47f9-8930-20ff4d50d7f3,139771bf-31b5-4508-bcca-9108a68d4ab7,2024-04-11,Phone,True
61fbd285-7112-41b0-95a9-ef0611ac831f,6db91da3-dff0-4c73-8dd5-aa1a5ce857bc,2024-08-06,Phone,True
57441f1d-f7fa-4717-bb1f-91b42dabda9c,4c102fa1-f886-4eda-85c4-0f6d1e7116d6,2024-06-30,,True
19f084fb-e880-487b-8650-6621e1823f8d,54071699-f838-4567-af10-ebc9368e025f,2024-08-11,Chat,True
a6ef3144-ea9d-4919-b187-7fde4be54cdd,fb77bcae-7853-4a69-92e6-37ddfbeaa683,2024-02-03,Chat,False
2b2c9fc8-9080-45ed-8a33-218218b53197,93d47a90-0e32-498a-96f4-b33c1ee5d23f,2024-04-15,Chat,True
5734388a-6854-4c45-a201-e6c3c26d6121,98508bcb-cc65-43c1-8126-dd6aa3831d5c,2024-08-03,Phone,False
3cd67a7f-75dd-4b3d-addf-8645b7d11f8c,3c474fce-7479-4759-83a6-3678ce96f4ea,2024-08-15,Chat,False
45a8d634-28c2-4f61-a1f3-ee0c131948ab,58f2b617-5029-4905-a59e-93577f9aeb7e,2024-08-16,Phone,False
ce338e64-3ebd-4dc2-b5b7-d85c80853aff,d175f8f1-f29f-448f-a9bf-28d9d20e6d47,2024-02-25,Email,True
add0e56e-199a-46b3-8db4-4973879997dc,64c3b31f-351c-4445-b609-1813020cef91,2024-04-23,Phone,False
3824d7e5-01f3-426f-b860-0e41cb2c7a7e,a28e0da1-cb27-4de4-bf2d-6a40b8c9985b,2024-07-04,Chat,True
e2a1fa5e-adec-4447-9ebe-fd212c20ff38,1d2998ec-9983-479a-bce2-28bd5b56aa3c,2024-01-07,Chat,False
628b1d8f-4b94-45ff-ae10-c62d8a5892ff,57f568d3-0c59-4f02-968f-4faecf49b066,2024-04-28,Phone,True
54208433-cbe5-4b81-b4fe-53d22de403b8,8d533d2a-7c02-4345-8a9d-0349182dd268,2024-01-02,Chat,True
9b8c87fa-e588-44b6-9304-df319c07536c,20566376-aa05-4b75-915d-93d7496202d0,2024-03-02,Phone,True
1d36387e-ed36-4c2e-8436-843572e3a4c8,877b1593-0779-4490-aff6-e860b828f4d9,2024-07-06,Phone,True
fe32d8ab-db9d-4567-bd9d-0bdfe54e3a46,babec972-ffb3-4c56-99c3-e8e3855adf0f,2024-05-24,,True
61c10562-aad9-421c-985e-d73e96f8d54c,46429917-5a0f-4042-b39b-3dda0e9e9151,2024-03-13,Email,True
c9c2b740-b065-4841-a68a-abe9b087d307,cc56da90-b661-437c-aa66-b5ad62fb5622,2024-04-18,Phone,True
de9b34eb-cb9c-4bcd-903d-357f9620b12e,b70e7c3c-6c5a-4469-88ac-b2857e5a92ed,2024-02-03,,False
f205c60b-4783-4ca8-a548-a3635fe16faf,55f70932-3469-4536-a034-a92fb656766f,2024-04-09,Email,False
92dbd9ef-b4b8-4b53-a768-73b39be4336f,e78cedd7-bf36-4830-8f22-4552ac5599b7,2024-02-01,Phone,True
55490f23-f4a4-4cab-b450-c6b99a4d9340,0788f200-5721-41ec-9ff5-0ffc65fb465b,2024-03-13,Phone,False
f49c77a1-8138-4b94-ad08-0129d66e42ef,aaa3cb01-e425-4429-a9fa-574b61ccfaa3,2024-02-14,Email,True
4d8c6a16-fc6c-4792-b4c2-077f1df626fd,c574c838-f8f7-4e22-b8fb-5950756262f4,2024-06-17,Email,False
d8155712-abc0-485b-a50b-362f47f83a0d,480bccf9-0f7e-46e3-b5e4-f59de3a78e42,2024-02-26,Chat,False
b453e71f-09e4-4117-bce9-a7bafd1f3a8a,11c5aa4e-e3c6-46ff-9667-2816ebbbe2b4,2024-03-22,Chat,True
ebb28cd2-fe9f-4135-9c54-701688aaa90e,492cb81e-45e2-49fd-9337-c0986cfcfc17,2024-06-18,Phone,True
a9723193-3817-4f15-aa98-9d556393d463,f134728d-1290-4814-bdfb-cfcd9a9664ec,2024-08-09,Chat,False
780369b2-69eb-481f-8084-0f59136209f0,9f50ba63-e48d-4c8d-87ca-b0e8039a2f93,2024-05-24,Phone,True
0dacb0eb-2acf-42b3-a2d6-7b8b7eeff351,1189a9af-0112-47de-a3d7-2a37de35475d,2024-07-25,Email,True
a3b91d6d-7521-48fd-9f59-927e5204802a,856a3393-0d6b-482f-96d9-04e19d17677a,2024-07-01,Chat,False
dfa49343-ed72-4323-8619-29fae1ba91e6,a18aa4ff-e7be-4e30-9205-6d82327a649a,2024-02-15,Email,False
b4ac2dc7-0d6c-4656-9529-94743275445b,3a98d8db-a695-4811-8dd7-dc0ad191e455,2024-08-03,Phone,False
dfa9c27f-b77b-432d-b983-7b8d3732950f,a86c33f3-1d66-47a1-b688-9a980aa8ba50,2024-01-27,Phone,False
c4fa3256-e4ab-4994-9b60-1caa0e4400a4,a9870b94-ad60-4ff4-99a9-817ecf8e4a1a,2024-01-08,Chat,True
d93a19ec-66a2-4f4a-a33d-7ab9757f7d47,f5b98c90-b50f-493b-a3db-ce059841f052,2024-07-23,Phone,False
58e817b0-adb1-43dd-9c39-a69cb84dcf00,0cb9c9d6-5825-48f2-8ee2-4b1cafbac06a,2024-01-26,Chat,False
31d3ae50-e3eb-44da-8d9d-228184f5fb33,5613fae4-8955-454c-81d7-c4d0ce4a4cbc,2024-06-15,,True
29169262-118f-4a67-ac31-2515cbeb76b3,16c06854-b963-4325-bf44-295783569f40,2024-01-14,Chat,True
bc9d4d4d-989d-45a0-8cde-58fa1747ed95,dae0689d-0c38-440c-b921-fe2413c3df3b,2024-03-21,Email,True
bc29d53a-fdac-4802-9e7a-67662106dd9c,302515f3-d41c-404b-8a5b-37f8b2cb9de2,2024-05-21,Chat,False
1bd4e0c4-6bd2-4f65-afbd-bcce82d17463,b0d4f1e8-7f0f-4d61-8169-81ee81f204e6,2024-06-14,Email,True
be567f49-a631-472b-afbe-8565772e4ec8,ea0fc986-f19d-4eb6-9a00-7e1c1bc6025e,2024-04-10,Chat,False
b6f2b943-1ca0-4f92-b0e9-fc86eddad2ae,c756b950-6500-4c4a-90c9-61aea582d3ab,2024-04-08,Email,True
34b064b9-f03d-4a23-97df-43e211342aa9,75af95a2-e30e-4841-9eaa-0bc65340b18a,2024-06-25,Chat,True
379608ad-7e90-4974-bab9-7bb865551b01,fe887e53-e78f-4207-8e5e-73e38baf3e0d,2024-08-11,Phone,False
050ffc66-d04b-46e8-a693-464d04a68548,a672f866-e1e2-4212-9f00-c331c0606029,2024-01-05,Chat,False
27f74105-89ee-4689-ba54-5a07a8fd423a,00fc38f7-b5c7-465c-839b-a55185f2635f,2024-03-10,,False
0524b96a-f8b8-4094-894a-164f0ec86d65,a816cf2d-0c49-4c1c-9a05-64715fc11b29,2024-06-23,Email,True
19c46903-5fbe-475e-ad01-73fa417775e9,4dcdd84f-3ba7-48b4-9aea-50fb92be028f,2024-04-05,Email,True
c1d8138d-806a-41fe-87c6-ab314b767c75,e8c294e5-e3e0-4af2-aadc-bcbb77e4c339,2024-03-01,,True
2bd41265-cd4a-4f5c-9c21-409c4961661c,f546da7e-12b3-4d44-8d3f-7628869787ca,2024-06-09,Chat,True
fb13e470-31f1-4b02-b988-ca9a42289984,16c06854-b963-4325-bf44-295783569f40,2024-05-29,Chat,True
8c4e05af-3c72-4a16-97c1-8549e93b4e90,471524fb-d938-4f65-80d0-6ee269761b2f,2024-04-14,Phone,True
191bf1d6-a9f6-4990-904a-c55fffaa1771,b8e96810-c0bc-4b5e-8e2c-8b61afd70831,2024-06-16,Phone,False
0b0c03f9-4699-49d3-be55-c87fdf29c395,48f17009-8f9a-4b05-a050-d881008a790b,2024-01-05,Chat,False
51bd3978-dded-4306-8d89-8cfc7356900b,eb719f2b-721c-4e0e-b322-2074dcc4699e,2024-05-30,Chat,False
1bb143af-c4cd-49cc-9988-9aac18f9128e,3c474fce-7479-4759-83a6-3678ce96f4ea,2024-05-27,Chat,False
c3f951bb-9055-48a0-ada8-9c3055ecd9f7,5763fb1e-1da0-47ac-bcdd-ebf926dbf43b,2024-03-18,Phone,False
2527a6f4-2d85-499b-9e0e-0867ac5335ca,149b8752-cedd-4c06-bbf9-aeadef2ec970,2024-05-31,Phone,True
a2ec7ff4-a722-425c-a366-a18132749c23,a5571fa0-25bd-4d78-a2d7-fa8eb23cdba2,2024-08-02,Email,False
2f28cff5-174c-43d5-9ec9-71930f570471,e8c294e5-e3e0-4af2-aadc-bcbb77e4c339,2024-05-31,Chat,True
9ebd70a4-5727-438d-b349-bc54b3535007,f9591e3a-9268-4a26-9541-e7fbeb3bb44c,2024-01-01,Email,False
81d04c51-81ef-44a8-8d3d-6fe239688fd8,afb47af0-4389-4954-972b-964db440169c,2024-06-14,Phone,False
4ec35330-f16e-4ffd-b07e-0db05eaf57ee,ff05ceba-f459-4714-a252-e03198d9934c,2024-05-04,Phone,True
b092184b-6eb8-4e69-9fc5-a011d6880fd7,48fd0fea-3e22-424a-b63b-d7cfd99e27dc,2024-06-05,Phone,False
144d98b1-b83a-4e69-bbf0-f78cb694fb5c,76ca8016-f484-41cb-beea-882405bdddbc,2024-06-17,Chat,True
f2324403-4229-4fa7-aa7e-8de3b38bc0b0,86b74a1f-25f6-4fb3-b91d-bdd3c66382b4,2024-05-23,Chat,False
91cc267a-1677-4222-bcc1-14a2b6e33457,21231327-01b6-4020-bddb-d4717e676541,2024-01-07,Phone,True
50268f98-5d07-4f2e-ad24-d9e4ab775996,1d664e5b-d86e-4a54-9d4f-11efa34f9686,2024-08-06,Email,True
de502a1d-53ad-460c-9c55-dfce1b161982,8758831f-c1cb-4369-b61d-55de280a4dca,2024-01-13,Phone,False
9a54a790-3163-4db4-a30e-a05aab8ba25c,87728329-1121-4e4c-b2d7-35cca67a2275,2024-01-13,Email,False
1c61f4a3-e64c-41d7-9b78-b7cbc437562a,236c5923-6279-4dfd-9305-87215258e57f,2024-06-24,Phone,True
6aaca378-05f7-4cc1-810e-5be2cd8c5519,ff19ffee-f0ca-4137-80c5-a588757eaf2c,2024-04-13,Phone,True
fed16ffa-ec4a-4f63-8ead-ec93abdc034e,139771bf-31b5-4508-bcca-9108a68d4ab7,2024-07-12,Chat,True
c6d61134-3bc4-4396-ab13-6579840ae0ef,4d49980c-3673-45b6-8dec-800abe913197,2024-02-27,Chat,True
a55a21ca-7ab7-430d-be3e-6075c1a5ff2d,cde0c2fb-5bd7-43f6-a9ac-7f27d89005c7,2024-08-15,Chat,True
a1ad444c-84d8-4a9a-82d8-38ad8369a300,552651e9-3ff6-4c64-bdc5-863a8c65c5b2,2024-05-09,Email,False
c7f2af9d-ed50-48e4-a7cb-b09376d2f058,69ac4875-45f6-48dd-8633-01f8bd09bc88,2024-03-09,Chat,True
864146a7-6fc4-476e-b28e-35efb1d2fa5b,c2622e7f-1cb5-4dc2-90d2-46fe480dcae1,2024-01-01,Chat,False
d3df7c87-ed42-4629-b376-75bf1bfeec6d,ce9cfb03-0d1d-4654-bd97-1a90c4c160fa,2024-02-20,Email,False
f39bdede-59b9-4646-a54c-2f997c4074d2,75702ccf-2ad2-484f-b9be-1c48bddc08c5,2024-02-17,Phone,True
29f9d32e-d8ef-432e-879f-b2e37169be01,38665d78-cba8-47c1-8e42-c2d3299f6759,2024-05-25,Phone,False
5baa4a41-a6a5-4ba7-8341-22ceeea50110,c3bd109a-37ad-4d02-810d-c75c985062fb,2024-05-31,Phone,False
e27aa4b7-3a9a-49b3-afa1-cbf44db97a60,c2622e7f-1cb5-4dc2-90d2-46fe480dcae1,2024-02-17,Chat,False
75596948-a4b8-4a08-a8c0-bddd5636cf43,c2f23a03-dacf-4454-84fe-9fc71c0823b5,2024-05-14,Chat,False
712ff4e2-eb8a-4459-83aa-241578ad35b4,d7522cab-f713-4c74-9d32-fadba3a20a85,2024-06-09,Phone,False
684f7bbb-2bde-46c5-805c-a56ef06847e5,61a98216-3f7a-4a96-b561-172f46606985,2024-07-17,,False
143efccc-309b-4c71-833e-325d89393f23,b00b496d-1daa-4b47-9d1c-b33517e4573f,2024-07-22,Chat,False
5cdf17ee-1e99-48cd-b7ba-e888b12460da,fba30250-faee-4272-b049-e65dc55f9368,2024-08-18,Chat,False
372224b7-0b35-4d0d-95de-65abd461fac1,1189a9af-0112-47de-a3d7-2a37de35475d,2024-01-23,Phone,False
e175c501-323d-4a39-9d0b-d81c921ac375,51983bd3-03a4-42c8-b784-e978d8771d0f,2024-06-01,Email,False
ca05f6c4-3621-43a3-9af1-b47651190088,d625e728-93bf-4b14-8bd6-0fa9260e01f8,2024-01-30,Chat,False
57a43213-e543-44c6-bbbf-179096675ead,d2c89e2c-00a6-47ca-b68e-354a85d82544,2024-06-13,Chat,False
c5303673-c494-4d2f-95ed-bf22cbf3e99c,590361a8-caa0-424c-8d77-70608c42795b,2024-04-26,Phone,False
534b43b3-abcd-4e39-9079-4a910dd4030e,8a5657a9-021b-4b28-9360-ba7b35393f63,2024-01-23,Chat,True
24672e25-38d5-4283-b8f0-6fbdc0488dac,cbd8dd38-90fb-42bd-bff4-11f6b2057957,2024-02-09,Email,False
a39a87d8-9745-4b28-9532-73cafa797ad9,f1a1ed7b-46f3-4810-a974-bb7721b6ecc0,2024-05-25,Phone,False
399d1411-284a-4e6a-890f-b21dfca9a6c6,952f6b7a-4c86-478c-a97d-b7266b95fbe6,2024-05-13,Email,True
9f9d1cc3-b155-432b-80c6-e7a41e07e0e6,d625e728-93bf-4b14-8bd6-0fa9260e01f8,2024-04-13,,False
d7f36144-8472-4cf3-84ea-ba102581e801,7622c988-b135-4108-8c85-f99b453b1f9d,2024-01-10,Chat,False
b9e614ca-61fe-4edc-9813-fcc007bdd37a,58f2b617-5029-4905-a59e-93577f9aeb7e,2024-07-10,Chat,False
1a92f0e2-d1a6-4442-825c-9a709aec7bbe,d81fb3b9-223a-4a2f-883f-ed21ba7eec5c,2024-06-04,,False
153b7143-59b8-4f1e-9ea3-c0c7d000a772,471524fb-d938-4f65-80d0-6ee269761b2f,2024-03-22,Email,False
dc80ea7a-997f-4bcc-b77a-ccee751f8ec2,d7522cab-f713-4c74-9d32-fadba3a20a85,2024-05-28,Email,False
f3e1cd16-f579-4083-acd6-d8a7ed39fb9d,9847b4ef-25c3-4e11-be68-347b6eed2022,2024-08-06,Chat,True
25ed5d36-843c-4bef-9e70-c082f024a853,46429917-5a0f-4042-b39b-3dda0e9e9151,2024-05-18,Phone,False
9a06b941-32d7-4d13-a58b-53aec867d267,470a6b1d-1ead-4843-b58d-4ca3f441db4f,2024-06-18,Phone,True
cb3402cf-1453-4472-b5e0-b8841e55a99e,83f85be8-d495-47ab-bea3-adfc7d241082,2024-01-03,Email,True
579ea249-25ec-41e0-a3d3-900d61bed2fa,c83fa867-56ae-4338-8ac3-de10c62031f1,2024-07-11,Chat,False
9e5d3d91-4275-496a-8990-6824a551d891,56c358bc-4463-4ed7-a555-56878d20bfc9,2024-01-13,Chat,True
0eeb4379-f7d2-417c-a97a-fb92ed042334,4d49980c-3673-45b6-8dec-800abe913197,2024-02-07,Chat,False
43c4b209-099b-4f43-87ca-90fde5059979,31010ce5-cdc5-46c7-ac51-002a5098bb57,2024-02-26,Phone,False
ea1ca3e0-fe34-453f-867e-5e9b6814b04a,c1ef6db1-e10f-4ffa-b055-7a65d2f15401,2024-05-20,,False
bd3bd199-2f72-4e68-92d3-95bb5d98d4d2,8a8e0e43-2a68-4545-9e19-08f44a319476,2024-01-23,Phone,False
ff36f5f9-b8b4-4267-bb48-aa6326c70efe,9c1baa94-9eda-4531-b807-e6e05bedee88,2024-07-28,Phone,True
a772d462-07b3-4cd4-8267-948fa140e38b,4906f8ff-632d-4e40-9819-b8f05a57ffe7,2024-01-16,Email,True
167d5e78-5313-4844-a37f-04c9b741040e,236c5923-6279-4dfd-9305-87215258e57f,2024-04-17,Email,False
7dcf516a-e98a-4637-984d-a52990e102da,2cc1e020-c006-4a52-8e87-bb154e882a72,2024-03-09,Chat,True
f18158de-3a92-4f78-ba33-83ff695e9936,c83fa867-56ae-4338-8ac3-de10c62031f1,2024-01-08,Email,True
6bd3487e-f612-4909-a770-9ac45d930f28,8d356841-fb0c-4dfa-9f69-537edf941b50,2024-08-07,,False
872ee316-6ab4-4ce7-aea9-fc18f3612610,627d9829-6d52-4899-b01e-9c4843c67bd1,2024-08-08,Chat,False
7cb73cf5-fe67-4e32-b0dc-7d45a0f4358a,cc9a2115-b197-4a2b-9a6a-0fb2da5a0c73,2024-06-12,Email,False
edd7e845-769b-4107-a87f-1d477d40a8e0,5372abfe-a410-44a5-8e36-31bea77cc6dd,2024-06-17,Chat,False
11b527b3-435f-472e-8da5-27b7ade93020,de8a7d83-4e9a-4ccf-aabe-07d5c37f232f,2024-03-20,Phone,True
ea385531-1e9d-46ed-85fa-d33cf4a9af52,84441f52-77e5-450b-97d2-80f64c5c4fb4,2024-02-16,Phone,True
0bc39d58-5777-4476-a6ae-9953bc678c64,f9591e3a-9268-4a26-9541-e7fbeb3bb44c,2024-05-07,Chat,True
eeda8ea8-aa7a-48a3-9040-dca867b26695,b8eaa8af-fe31-4f60-a4d3-2037756d4e56,2024-02-10,Email,False
2f0e2e1f-f6a3-46db-9379-4becd221efcd,d6ae30a4-41de-40b1-8f7b-3acdcaedb4ce,2024-06-23,Chat,True
f1838cd1-4727-4802-92b8-cf31f1f7582f,e47edfb0-2977-434a-8bc3-f75b8b6ea95c,2024-06-22,,False
9a0762c5-614a-4170-b659-b128bed08bff,139771bf-31b5-4508-bcca-9108a68d4ab7,2024-03-18,Chat,False
1acfe33d-dec9-4c16-aefb-988159eb6d26,5613fae4-8955-454c-81d7-c4d0ce4a4cbc,2024-07-22,Phone,True
1602cc2d-3dd7-46a7-be02-9eefd0405ab1,64d9fc83-354a-4c4f-a4da-a0c9ed1ffa54,2024-08-13,Email,True
eb4cd977-3373-4b7e-bffc-7eeeb68d3abd,07ca86c3-8485-47a5-9d90-d8ccf2f12fe0,2024-07-30,Email,False
8a25ae39-8fff-4808-b827-62299c84ea53,febd4cc4-d9ee-49d7-a4f2-1dcdbe1c49a5,2024-01-12,,False
4c4418b7-33cb-4f1a-b2ae-01bf6da9b81e,e6d8f10e-2ae8-446d-a0ed-bd0b5d29b3b6,2024-03-30,Email,False
5ea955b0-9b47-4cc4-8779-192c691ba259,b161e3c2-7641-4be2-99d6-1b4b62f73e57,2024-05-01,Chat,False
e9136034-8e1a-489a-9100-d7a9e1bbb98b,d7b1f2e9-0f8a-4937-ada5-16c03a9229fc,2024-07-20,Chat,True
0ee3a196-6739-41a3-9bb2-82ebf4c69ab6,e8c294e5-e3e0-4af2-aadc-bcbb77e4c339,2024-07-25,,True
a9c096ae-e3eb-470e-982e-d503ca139cd3,77fad2f0-0e5c-4a1d-b7da-63e154f71b8e,2024-04-29,Email,True
e6f1e99c-79ad-4cf6-9f57-ae7990e32c5c,8f42d0ab-d446-4084-a40e-70c1fae0468e,2024-07-12,Email,True
29a9c927-18ce-40e6-b176-4005c1110850,552651e9-3ff6-4c64-bdc5-863a8c65c5b2,2024-05-07,Email,False
310cdb24-699b-4ab7-b451-0334d1975c52,6693ba68-e359-4332-9500-1c6bf20b81c8,2024-07-01,Phone,True
5e5265a4-58e4-4a40-a7bb-abccc43649c7,197179e6-d4ca-472b-a976-44e3ca91d064,2024-02-16,Chat,False
1e4d1fb4-65ff-4072-a6d0-636776e340c4,5372abfe-a410-44a5-8e36-31bea77cc6dd,2024-05-23,Phone,False
6a08e900-965f-4974-9da4-ea7a31f4cd8a,3f6c26f3-aef8-4992-a588-18b2d28726ff,2024-01-06,Email,True
579b0011-f4b2-4137-9d7d-31bf4ccd9d97,710b89d0-d0e4-41ed-85d4-fedb27a8594f,2024-08-17,Email,True
5b22ffa0-5a35-40fc-869f-12e6b6e03a08,31505fa1-f057-42ad-81bb-3ec3b0c26346,2024-06-25,Phone,False
11000cce-885a-48e9-a9a6-7ca9eb3f4de7,bd56525d-e899-4312-9763-e79d3f6fa54c,2024-04-11,Phone,True
838db2b9-04e6-4195-a433-ac20b2263fd1,8588e821-cdd8-4103-b2fb-3f0dbcf5c551,2024-07-17,Phone,True
020a69b5-eaf5-41a1-9331-4f9a6cd56ddf,5613fae4-8955-454c-81d7-c4d0ce4a4cbc,2024-01-10,,True
dedb9846-34c9-45e4-b441-ed1d041d6614,32ff8abe-2cb4-4c16-af6d-a9359e4de2f0,2024-01-07,,False
5ff09948-30ed-4ef4-b2a4-60e99201cf9a,5763fb1e-1da0-47ac-bcdd-ebf926dbf43b,2024-01-05,Email,True
ea901405-7a3d-494d-b7a6-0c971ab8bfe9,f5b98c90-b50f-493b-a3db-ce059841f052,2024-06-13,Chat,False
13fbf5d0-bb6d-486b-bfa6-093dd18b7f99,c574c838-f8f7-4e22-b8fb-5950756262f4,2024-03-20,Chat,False
79542277-4b17-47c9-a4f8-410829433d3f,8758831f-c1cb-4369-b61d-55de280a4dca,2024-07-01,Email,True
dad40622-c8e2-4623-8522-0967affded5c,9ef75e2b-2517-4e6d-b752-ae890322233a,2024-07-12,Chat,True
2b983b3f-93fb-48ad-b8a2-61d7a9a53c73,5092f3c7-8ac9-444f-b361-4271ddf318c7,2024-07-23,Chat,False
374ecc5f-eb23-4563-8bad-e6fc11aef7a5,8c96c1f3-301d-4652-8808-ed7fd44c96d8,2024-02-01,,False
8f6d8ef0-d2f8-42b9-83cb-8a4fc9f689f0,3e77461b-6339-47c3-b701-14ddf2d53df0,2024-06-10,Email,False
de3f226c-1c27-4025-88bb-64f994d16890,230d356d-0e2e-42f7-a1aa-b80fe11f3b8d,2024-04-14,Chat,False
84482b64-e5fe-4f5c-b554-526a0df114fb,eae94849-07d3-446f-a8a4-12c6fd7aed4b,2024-04-04,Phone,True
aff42da0-ab68-4e1b-a7e0-bfb7bf16a5df,c2195696-d59d-48aa-9e98-2457bb790034,2024-04-12,Email,False
3dd191d4-9935-4f49-910e-98342fcddd87,df03db23-40db-4205-81b3-2fd2a0a0cfa7,2024-07-03,Email,False
d9e6e324-f797-4040-a503-55ed2ca30e5e,cc9a2115-b197-4a2b-9a6a-0fb2da5a0c73,2024-05-24,Email,False
51bd2682-b9d6-4394-9227-f80d145dd819,431c3974-f686-4979-a530-198189717bfd,2024-03-04,Phone,False
6a16752c-df73-4224-b82f-efbe68ef3a37,66ef8007-45fe-40cf-a6a4-6ceac9a7c5ee,2024-02-07,Phone,True
684bec1c-9849-48d2-8771-46745d2fe719,98508bcb-cc65-43c1-8126-dd6aa3831d5c,2024-03-15,Chat,False
69fa55ff-1e68-4300-9f0a-1d587d20a612,df6c1c7e-8f4f-45dc-aaaf-3428c8646537,2024-01-03,Chat,True
9f85961a-cec5-46f1-bf4a-c1dc5c1a810d,ec128a06-b46b-42d3-929a-4e7043aa09fd,2024-06-04,Phone,False
93bf03d1-2ba2-4c42-8acc-1a742ff8b2de,c2622e7f-1cb5-4dc2-90d2-46fe480dcae1,2024-03-25,Phone,True
e3dd8f57-e94b-4d80-97c6-a344bcc1fe0b,7cd74fea-3cb7-4f42-aaff-55eeb852e48e,2024-06-21,Phone,True
e32de614-11f2-42dd-8c49-5a4561d2a13e,e8c294e5-e3e0-4af2-aadc-bcbb77e4c339,2024-04-04,,False
20d017a7-4f0b-45a2-a857-e69192c16b1d,9ee25ed5-e5ae-483e-8e89-08ae39f3088f,2024-04-08,Email,True
9c2a3deb-9a8b-45be-a410-1e4857c958dd,e6d8f10e-2ae8-446d-a0ed-bd0b5d29b3b6,2024-07-05,Email,True
f9b32711-fb72-4281-a013-d2c7d6a9325b,2cf5e96e-6e09-4d97-b5f3-a04cd0244cc8,2024-01-27,Phone,False
17cb29f3-8d92-4a70-87c1-b9f363514c40,56c358bc-4463-4ed7-a555-56878d20bfc9,2024-02-25,Chat,False
1787b065-e0b4-4b71-9bdb-da323118972a,bf6a39cd-3f6f-4db8-979b-309e062a0bd6,2024-08-15,Phone,True
15f27ea9-e415-4baa-813f-078866c9666b,dae0689d-0c38-440c-b921-fe2413c3df3b,2024-05-19,,False
24c78504-30c9-4f70-8b11-cbb97825aa92,9ef75e2b-2517-4e6d-b752-ae890322233a,2024-05-28,Phone,False
540261f9-d7ae-4334-930e-9a4058bd116c,6693ba68-e359-4332-9500-1c6bf20b81c8,2024-05-18,Chat,False
b6219456-95e4-474b-8c20-314ace53e7c7,e26383e6-4eeb-430c-9a11-386e157233f2,2024-02-05,Email,True
8dc092ed-4281-4dca-bd1d-a2c969acb130,2673e21b-07b1-4804-ad33-2ccfa93a54ad,2024-03-13,Chat,True
a9af08a1-517d-4b04-b7e7-ba04c4f35cb2,d175f8f1-f29f-448f-a9bf-28d9d20e6d47,2024-01-09,Phone,True
8d320050-44fe-46cb-ada5-7f6565311bce,00fc38f7-b5c7-465c-839b-a55185f2635f,2024-03-18,Email,False
54a76ae7-00cd-4d76-a738-0dadfce1c5cc,63ed770b-aa27-4c0a-85cb-26331817d7fb,2024-03-06,,True
47e7fd8f-97e1-4dec-b729-3c7eaad9a794,d625e728-93bf-4b14-8bd6-0fa9260e01f8,2024-08-19,,False
3cb8408d-0738-4724-8f16-11814a328139,46995174-1c3b-40c5-b9b4-312bbfd49289,2024-04-15,Chat,False
62151b9f-0eec-4f6b-9945-ed7fd430cada,0bab460b-e8fc-4d21-83b0-d124c55c8f41,2024-02-05,Email,False
87035ab3-2a84-4762-a48d-b21aaa603b61,c9586ca2-0282-4f57-9f11-c8894f6d7361,2024-01-24,Email,True
69dc4981-a6bc-45b3-b166-b73f4f63eb83,ce9cfb03-0d1d-4654-bd97-1a90c4c160fa,2024-04-03,Chat,False
4cfac6d4-af29-481c-b552-a1bf65e286b6,10eb0f3f-a266-4e1e-8b39-108a292e21e9,2024-04-21,Chat,False
9dd5e8e5-33a4-4f33-b956-51926c7ac51b,c2f23a03-dacf-4454-84fe-9fc71c0823b5,2024-01-28,Email,True
c9f9013a-a3ba-4b70-9e51-ef56ad3ce5f6,10eb0f3f-a266-4e1e-8b39-108a292e21e9,2024-06-18,Email,True
574df826-71d7-4662-a8f1-629252bddfd1,d4bb43e8-8f72-4ff6-ab26-b6fac8f26584,2024-03-21,Email,False
fac6427b-43a8-49fa-900e-1cd268656304,d625e728-93bf-4b14-8bd6-0fa9260e01f8,2024-04-16,Chat,True
07a38f48-0751-4762-8617-4472486e4a25,e9523310-5cbd-45d6-a9e6-2e17db4e45e3,2024-02-27,Phone,True
a8dbd408-22a9-46e8-90c5-896b339c4e9a,d4bb43e8-8f72-4ff6-ab26-b6fac8f26584,2024-06-22,Email,False
92877072-aa59-4321-af0d-d6e542118a9a,8882d25f-56f0-46d3-b778-8b3e4d16f519,2024-04-18,Email,True
1703e016-f6e6-4637-b0cf-64f85a9705e8,e26383e6-4eeb-430c-9a11-386e157233f2,2024-07-07,Phone,True
3a141adf-fbd2-4b87-84e0-1c24f9901027,4dcdd84f-3ba7-48b4-9aea-50fb92be028f,2024-02-27,Phone,True
efedde49-e442-4e92-90c3-a9f755fcc0cb,b8eaa8af-fe31-4f60-a4d3-2037756d4e56,2024-03-08,Email,True
ba3febbf-a444-424b-a61d-435a6989bf0e,c11b56a9-62cc-4b81-89a5-88781dc00f00,2024-07-03,Chat,True
f3593605-d8f4-4237-92ce-0a1b4af8678f,4c102fa1-f886-4eda-85c4-0f6d1e7116d6,2024-01-08,Phone,True
408ad615-f09f-4561-a3fb-0636cc516069,ef24853c-6ee0-4dd1-9c7c-edd767420a6c,2024-04-03,Chat,False
4b7eeeef-1b53-4425-8b50-459cff2c9347,51330407-f78c-4722-860a-d90dc1b595af,2024-01-12,Email,True
8102e4de-2356-49bf-a127-ad7e25ce8b04,2d939a24-9c21-491d-890e-9b480713eb0e,2024-02-28,Email,True
29e4b0b8-4f4f-476e-a939-66cd85e4543a,3a98d8db-a695-4811-8dd7-dc0ad191e455,2024-01-08,Chat,True
6eea36f9-8f70-4451-bf3a-9b561939faf9,98508bcb-cc65-43c1-8126-dd6aa3831d5c,2024-04-18,Chat,True
16f471e9-1a50-439c-bcef-20339295fcec,89c077ce-2541-44a3-9193-94cc150e69a9,2024-06-27,Email,True
c65d9599-88aa-4654-93c8-10c457e5127a,10eb0f3f-a266-4e1e-8b39-108a292e21e9,2024-01-07,Chat,True
1ca1e5ef-94b0-4018-92e7-023adadab836,bbd6947a-99f5-4ec5-8f88-c77cd6391a20,2024-01-12,Email,False
35fdc4c5-d214-4db8-8c7f-c9eb9a47c4f3,d175f8f1-f29f-448f-a9bf-28d9d20e6d47,2024-08-01,Phone,True
9b3cc031-1b26-4099-a1eb-7c0dd068cfdf,5aa953b3-e4bd-4b14-be0b-9e895d39156c,2024-06-10,Chat,False
03419971-04a9-492e-98ba-9307be7a4b08,16c06854-b963-4325-bf44-295783569f40,2024-04-19,Email,True
cd6e3bb1-c71e-4895-8c8f-77ced75254f5,6657a2b2-3041-43b0-ad51-0118b0345ca1,2024-02-16,Phone,False
5d0fcc83-a628-4c7c-931d-7829f122307f,3b480637-ec8c-4eb3-b6d4-d371107eb422,2024-05-15,Email,False
ce3f37ec-ac7a-4c8d-84bb-73751dbf2994,fe887e53-e78f-4207-8e5e-73e38baf3e0d,2024-01-24,Email,True
8ea1c2b8-6e79-48aa-be26-efe4071b8aa7,431c3974-f686-4979-a530-198189717bfd,2024-05-15,Phone,True
dec57f11-5646-4d61-a3df-e86cf22ded7d,fdb19bbf-7ee4-4833-bba6-e9b22a898e39,2024-03-16,Email,False
89ada980-4529-4eee-9498-6216173cc076,ec77cf0d-5406-4a54-badb-aab6ba7c0ced,2024-01-08,Phone,False
cfca29fa-f3f5-4fae-ae66-e08846166cf5,e7b2165a-a574-4b2a-8d1b-4a1b686f163b,2024-07-29,Chat,False
c0b5d1dc-e8c6-4199-8fe1-f66c407a1479,8588e821-cdd8-4103-b2fb-3f0dbcf5c551,2024-03-09,Email,False
82032d76-bfcc-4018-a539-7426403402a5,66bf0b0c-ef19-4104-958b-fe54d80fe054,2024-05-07,Chat,True
e7ddd6c2-c1c9-44de-912c-25ee496c950e,fa88d8d2-8229-4bfc-b1c0-2396ef852a79,2024-05-01,Chat,True
ba8adc5b-b502-4bd5-b508-3506ec19aefd,b4c2fa89-abf1-4c25-8f69-d087c866328c,2024-01-29,Chat,True
108a65fc-f009-439d-ade2-ad3cddead4b3,57f568d3-0c59-4f02-968f-4faecf49b066,2024-07-02,Chat,True
2c65da6c-1341-466a-8faa-0beaa3c8cbb4,4ce1f2a2-d61f-43bf-81b8-7225cc56c14f,2024-05-13,Phone,True
ebeeeafc-1416-4300-bab8-5cfcede6e764,b6878cea-1767-4d07-bba5-a1a762f27aee,2024-07-25,Chat,False
c2a76a24-7512-45a1-9b71-6c4346a10c05,8882d25f-56f0-46d3-b778-8b3e4d16f519,2024-08-16,Phone,True
bdae1053-3357-480d-8c26-d5fd55ad3231,0afa5f18-dd87-4a64-9875-dfd76f255078,2024-07-30,Chat,True
6f0b8f65-f5ac-43a5-8590-0ccf269fe745,48fd0fea-3e22-424a-b63b-d7cfd99e27dc,2024-06-02,Phone,False
0cf239e0-8654-406e-ab76-45a8da7976ba,df1d006a-dcec-4ae8-902e-76ed5de0c0f5,2024-01-18,Chat,False
0c02b492-8e34-40ea-9253-a3b96acc8ad8,149b8752-cedd-4c06-bbf9-aeadef2ec970,2024-06-26,Chat,False
265eaafa-4d13-49e5-98d9-9493e14dfd53,c7f17f22-4ba9-4d2d-b8b7-0c514fb0b751,2024-02-25,Chat,False
f8d0ade9-9cba-4809-905c-91d468b76206,dda34362-f2b6-42ac-966c-ba2d786a33f1,2024-02-17,Email,True
d2296364-24aa-44fb-99e0-27fe524f5b00,51983bd3-03a4-42c8-b784-e978d8771d0f,2024-08-18,Email,False
927469b4-a34b-4b27-9681-3e9dff48046e,b57e5b8a-f34a-4bc7-93a5-3a528719706c,2024-04-07,,False
52ef5d41-c90b-414c-b536-69338bc47df0,e94efd62-e957-421d-82ab-41b795cfdada,2024-07-27,Phone,True
2c2462b9-ab9b-4692-9b95-108ead0797f2,b0d4f1e8-7f0f-4d61-8169-81ee81f204e6,2024-05-19,Chat,False
d6ac45f7-6303-43e1-abf1-8cedc768dc30,6f7e2a62-ebb2-45a4-a15f-89734d914fba,2024-06-29,Chat,True
a61d7549-8244-431f-abde-25c552cbcef0,fae82002-e124-4b43-80fe-b6b442fabf2f,2024-07-20,Chat,True
c4daf264-a5f0-4dd1-8610-e1b32a6214ce,0b58c0d1-eb41-4b32-9487-6713b6d2cff0,2024-03-01,Chat,True
026d75a7-e60d-4567-9499-941150b5e679,36b57eed-b59e-4f00-957b-af98ddda3e77,2024-02-07,Chat,True
f4c92033-3642-45ce-82c6-e67cd740f439,c9586ca2-0282-4f57-9f11-c8894f6d7361,2024-01-20,Email,True
f4e0e2c1-d954-48f7-b737-e6f7316e55a4,75702ccf-2ad2-484f-b9be-1c48bddc08c5,2024-08-09,Phone,True
f6f47b01-34cb-4aa1-ae9b-c8f50c48b4fd,83f85be8-d495-47ab-bea3-adfc7d241082,2024-03-25,Chat,False
475af28e-18ae-4fe2-98d6-db2cf8b236de,b38a8161-d182-45c1-92eb-c5fba24dd198,2024-07-06,Phone,True
a1aea31b-b753-40e7-8869-b649f29b3957,cf83e969-17fb-4956-94bb-fdf26d66da03,2024-01-09,Email,True
1a56e14a-e393-4825-ab39-299f9631bd9d,45a5bd86-2bb5-48d5-8af8-6e10c7e07bb7,2024-06-12,Email,False
58712636-7027-4969-9821-01ef248a312e,b38a8161-d182-45c1-92eb-c5fba24dd198,2024-01-19,Email,False
6b62c205-a675-4c26-8d55-2ed56144d8ea,9f8a4fa9-aaa4-481b-98c3-216d940a4ac6,2024-08-12,,False
911f47fe-30c6-4859-9598-63fa103362ae,51983bd3-03a4-42c8-b784-e978d8771d0f,2024-02-04,Chat,True
9716b300-4f14-4c0e-a9e6-d79b330119de,56913285-ca55-478c-9458-f85607bc2882,2024-07-23,Phone,True
5c01f382-21a4-44a0-8b8e-f00cf6c256a8,b40e5c83-9808-4dc6-966f-5451f83b4aec,2024-06-16,Email,False
78ea71d6-d9f3-4562-8422-04c40c58de0f,c9586ca2-0282-4f57-9f11-c8894f6d7361,2024-05-27,Email,False
5d453cd1-1e63-4299-a990-76da842f8671,51b50514-f430-45cf-a2aa-3d5423f42cc2,2024-06-29,Email,False
1e3f3a57-02ad-463f-8cc1-19ff39440729,c9586ca2-0282-4f57-9f11-c8894f6d7361,2024-06-21,Phone,False
b9f0abc5-8c7c-4bbc-b8d2-edc7e1a55fbe,13caca6e-59e7-4b1f-8ef5-7dc49b80edb8,2024-08-17,Chat,False
757d92d9-59bc-4bd6-9b7a-a984418b729f,32ff8abe-2cb4-4c16-af6d-a9359e4de2f0,2024-02-05,Chat,False
57e5a153-7377-45c4-b7c1-5b818ca138f8,552651e9-3ff6-4c64-bdc5-863a8c65c5b2,2024-01-17,Email,True
f9378a25-e95f-49e6-baba-b956d22def0e,06c56c9d-c1e5-480d-b82a-71ef2c4a9eca,2024-05-12,Phone,False
9eacc24e-de79-4b64-9fc3-d6b86be07307,df03db23-40db-4205-81b3-2fd2a0a0cfa7,2024-02-25,Phone,True
0d1cc168-426c-4a2f-be25-ffcc619f4c33,8a5657a9-021b-4b28-9360-ba7b35393f63,2024-03-02,Email,True
7c22ebd6-5393-4b2b-9109-5b35e6ad0636,352ac394-fb15-4e8e-84f1-2ca130a159d5,2024-01-07,Email,True
96492ec7-d8a4-466b-b094-9030bb5718ba,68ffaad9-862a-42e5-b62a-07b4444e162c,2024-04-19,Email,True
31dd91f7-2884-4c48-a351-f0984294bebd,b635dea8-76be-45c8-a900-1ac6f0a142c2,2024-08-01,,True
f0c7b488-5d9f-41b0-a186-ba715bf49b84,69888109-1d76-459e-90b2-cefaa901cdd6,2024-01-08,Phone,False
19c929a6-21bb-4a68-b8dc-c4cd43f55a6e,46995174-1c3b-40c5-b9b4-312bbfd49289,2024-03-06,Email,True
002debb8-7e9e-476c-85bc-dd3e8b7210ce,dfce9c24-71c4-4cd8-9b59-f34e48842979,2024-01-30,Chat,True
d63b9b27-6dc1-4b34-b26e-1433a6f3157d,77fad2f0-0e5c-4a1d-b7da-63e154f71b8e,2024-03-16,Chat,True
a96ce932-80c9-4503-b8b0-2b0e2b70e535,8a5657a9-021b-4b28-9360-ba7b35393f63,2024-01-12,Chat,True
79d7cf83-511d-475e-96fe-206313208f08,489f42c9-55f0-44d8-bb59-55c524accdc8,2024-04-01,Chat,False
e29bb9a9-d80d-45c9-91bc-3eb70f4af16e,d1ab5bf3-78e6-47b4-8db4-7064beb9482d,2024-06-10,Chat,True
e86f1a43-4000-4e38-a504-790099421bd2,29dcbd8d-36dc-4b75-9231-224e62721e78,2024-07-12,Email,True
f1420873-64c2-4390-85f0-d5e92a1370fa,8a5657a9-021b-4b28-9360-ba7b35393f63,2024-01-19,Chat,True
a5b3b1db-96b8-4159-8c0b-dc0ac35c01b9,3e1907bd-306b-4612-b03f-9964c54d5f00,2024-03-27,Email,True
149c25b7-7b33-45ce-a4e2-48add43c1e26,708d05ed-2031-4b3b-b7ba-653b6fef47ba,2024-01-26,Email,True
46e16bf7-a719-4719-b057-80ed5bcce668,13caca6e-59e7-4b1f-8ef5-7dc49b80edb8,2024-06-21,Email,True
2b8a7f6b-b5ff-43bb-8b59-898032ac1663,a656f3c3-fd35-488f-a171-12522396e418,2024-08-14,Chat,True
b507b90f-1daa-4e67-9d61-ee8fa63d4dbf,e78cedd7-bf36-4830-8f22-4552ac5599b7,2024-05-29,Email,False
968f88ad-033c-45c6-9259-48c715db1fc3,552651e9-3ff6-4c64-bdc5-863a8c65c5b2,2024-07-17,Phone,True
50b2a931-7cdc-4e99-b27d-b9f98a8f6a6a,7213aa78-ff4f-4fc6-a7cd-c1307badbb07,2024-01-08,Chat,True
a0bb032e-7946-4f9e-bdd2-162edfaf82a5,01d13428-d511-4c3d-90c7-b5624931ff48,2024-06-24,Email,False
8e1ca469-f1af-4891-9eaf-e4fc98640eb6,e6d8f10e-2ae8-446d-a0ed-bd0b5d29b3b6,2024-06-05,Chat,True
f532817e-cbd4-4ee7-a082-ae901c668f47,a956e5f8-b764-439a-b921-53cc68af9d0d,2024-03-08,Phone,True
80cd02dd-4a3a-4132-bd22-7c626113d52b,e389eea3-1879-4df8-9311-fb2b068c4082,2024-07-21,Phone,False
4f6395a4-b4b1-46f4-9f2d-ef3bb226528a,ff19ffee-f0ca-4137-80c5-a588757eaf2c,2024-06-15,Phone,True
41844a86-5030-4240-8ba5-cebd771389b6,c3d06e21-d959-43cd-a92f-4600886542ba,2024-07-18,Phone,True
e782c5fa-3eec-4aa9-a72d-d7a3589f67ba,1d664e5b-d86e-4a54-9d4f-11efa34f9686,2024-08-15,Chat,True
10fb325a-ec17-4699-abbb-8930457fc84f,952f6b7a-4c86-478c-a97d-b7266b95fbe6,2024-05-11,Phone,False
1d0ed3a6-a8fc-49c8-8889-5c7abe4cb402,f9591e3a-9268-4a26-9541-e7fbeb3bb44c,2024-05-19,Phone,True
a64aefbc-1fa1-4557-9d9c-6f7201884dc8,2cc1e020-c006-4a52-8e87-bb154e882a72,2024-02-27,Chat,False
d8ad916a-189c-4227-be69-21f77a2a1731,352ac394-fb15-4e8e-84f1-2ca130a159d5,2024-02-06,Chat,True
144c2f6a-dc94-4056-80f2-cfa8d29b33bb,8f42d0ab-d446-4084-a40e-70c1fae0468e,2024-05-02,Chat,False
3221d316-5dea-45d0-8698-ad4e35234fc8,e7e0f57d-c9c0-4f95-b73c-a8fc4061dabb,2024-04-29,Phone,False
4f380572-0fb7-4c7c-b49f-f3d44fbd3fe7,433fb306-e4da-40f1-bb7c-ec519c430ff8,2024-02-26,Chat,False
6b860e0f-18cd-4489-8771-5171af5c72a3,342e9e90-fb41-42ef-9778-34ee2c4c536e,2024-08-03,Chat,False
2f761924-d30a-4d0c-831a-0d7134279681,a24f83e7-7de7-4196-a7a7-ba9d21823b14,2024-03-31,Chat,True
f94a3342-b595-443e-bea5-d9afa0e9d953,9ef75e2b-2517-4e6d-b752-ae890322233a,2024-01-17,Phone,False
095024ef-3e45-46d5-819a-298edf2ede11,a9870b94-ad60-4ff4-99a9-817ecf8e4a1a,2024-02-15,Email,True
060175f0-7e84-4bc8-803e-08f1e4f02e59,d3a3c064-3115-4cd4-9d1d-3d2a77efa468,2024-08-08,Phone,False
99d9d267-2ad5-420e-abbc-7dded5b8cb9b,db150905-e2d4-47d2-840d-65c971d634a2,2024-04-11,Email,False
f20908c5-5c6e-4869-9187-89839e4e3a32,0f4ff1f7-40fc-4223-a2fa-677292d8708b,2024-06-04,Email,True
53aefafc-23ab-4042-80ca-a49bd2576740,cde0c2fb-5bd7-43f6-a9ac-7f27d89005c7,2024-04-09,Chat,False
6f69564b-e9b5-4416-b907-2172d125f9ef,20566376-aa05-4b75-915d-93d7496202d0,2024-05-28,Chat,False
5bec55c2-bd93-46e3-85ac-c9e0881bb59f,d81fb3b9-223a-4a2f-883f-ed21ba7eec5c,2024-08-08,Chat,True
94efa0fe-4bdf-4833-a6dc-536f2ef645df,627d9829-6d52-4899-b01e-9c4843c67bd1,2024-04-17,Email,False
441fbbdd-5440-4245-9aec-1c13c46facc0,e6d8f10e-2ae8-446d-a0ed-bd0b5d29b3b6,2024-08-14,Phone,True
5a251100-261e-4882-b73a-abc5c3e46b8b,6db91da3-dff0-4c73-8dd5-aa1a5ce857bc,2024-02-20,Email,True
89d73166-a5b3-4c51-bf30-fa60c1d06f3c,b557df31-34c0-45a0-9394-6bfa2b26a1fb,2024-01-24,Chat,False
b61b8a47-5fa4-43f0-a9cf-b5258a3fd889,e390fd9b-f416-4179-82d5-54f275ed749e,2024-07-08,Phone,True
6a93fd65-4c42-4305-b6a1-b41dbcf58128,9ca4c4ed-49bd-445d-9dad-9a32cbbb2145,2024-01-10,Chat,True
baf23d02-a47a-42ef-82ee-65a46c6da2dd,197179e6-d4ca-472b-a976-44e3ca91d064,2024-03-19,Email,True
116f47f3-9b42-4fce-91de-55a45b04167e,67b78b5d-cc20-4865-850b-9c2ae56a183b,2024-02-16,Phone,False
27e6a967-beb5-435b-88b4-433d0aafc143,67b78b5d-cc20-4865-850b-9c2ae56a183b,2024-05-20,Chat,True
016b4c4f-4800-43d4-b6e8-f493fb01746d,b552b0ab-faf1-452b-a2e6-7b37a31aa881,2024-01-25,Email,True
31635907-d21a-450f-aa38-ecf8402da115,38665d78-cba8-47c1-8e42-c2d3299f6759,2024-02-23,Chat,True
ae717144-b3f4-488f-bc4a-d4fef9ffe031,e94efd62-e957-421d-82ab-41b795cfdada,2024-02-24,,False
8db9b5ea-67dc-4c29-8060-5439e659427a,ba395db1-0232-4cb7-a751-f1dc9e20b251,2024-05-24,Email,True
1209372a-98f1-4c40-aa3b-9b07c47ec371,b0d4f1e8-7f0f-4d61-8169-81ee81f204e6,2024-04-17,Phone,True
255488fc-3833-42e4-ae0b-e8ed36fd9131,4da4d70a-a5bf-4430-9f9e-11be2fdf42fb,2024-04-02,Phone,False
1cea38ad-7d27-48fa-89f8-1cd238d4a626,e389eea3-1879-4df8-9311-fb2b068c4082,2024-08-10,Email,True
8f04c4d7-479d-4732-ad85-78e5d0d8b3d3,a0a4a452-1235-488f-beb2-5935d4ad9d32,2024-03-29,Chat,False
c4946467-d3ba-4ffc-86e4-96056238d3b3,088dcd89-6393-405e-9059-f7504fcebf4e,2024-05-21,Phone,True
e938dd41-9772-4700-9437-a2c720ce034b,2dc3fe00-cfd8-423c-bf2a-8421f90fcc76,2024-04-11,Phone,False
fed51d7d-4fab-4a15-8380-4a125652dfc3,c7b6bdce-a75f-4453-b800-a600655027a1,2024-07-27,Phone,False
ae23aef1-5a68-4c49-b624-a6e78e8cda18,7fc24177-d122-41c8-95d7-a885630ad406,2024-03-22,Email,False
20747283-4ed2-45e1-8a2f-cce71989ee67,5c611a44-3106-4923-b046-ca494210731e,2024-08-08,,False
bb96baf8-9a00-4dcd-9f85-96f7ec0813c3,489f42c9-55f0-44d8-bb59-55c524accdc8,2024-02-25,Email,True
866b9acf-3b2b-41d3-81f0-27bf68935e25,52a86091-196e-4b0f-8f78-c252ace37d28,2024-04-14,Email,False
c92a91c6-409e-404f-b44b-22ebc93ac3ec,2d11a74e-60f5-481a-975e-ff100dc15b05,2024-02-05,Email,True
67777fe2-648d-4c20-83ae-6e5b93fc9ee4,d4caa050-cff9-41a7-ad83-9140288c3dec,2024-02-17,Chat,False
1b36f2c4-0492-4a95-a78c-1310b7e6a7a4,601e4cee-bf02-4075-aa48-34915d171ad5,2024-03-26,Email,False
c80beb9b-5d92-4822-85cc-4f1541b1c775,dcfde7f7-afda-460a-824f-3d0a873d057b,2024-06-28,,False
0487f44d-b145-4b4a-99b3-1845ae1843f5,9ef75e2b-2517-4e6d-b752-ae890322233a,2024-07-26,Chat,True
cc71649a-b39f-4ae5-9b59-8b3e2e45fd69,3aabadef-3088-462a-85eb-df11f13f2e61,2024-04-27,Phone,True
99e3db8a-fcbc-485e-9084-20cfc74396e9,0cb9c9d6-5825-48f2-8ee2-4b1cafbac06a,2024-01-12,Email,False
5ed303d7-c94b-448a-a578-7cf42d79ada9,3a98d8db-a695-4811-8dd7-dc0ad191e455,2024-02-20,Chat,True
ce68ee62-f961-41ba-8130-cdd0d51ed91a,cc9a2115-b197-4a2b-9a6a-0fb2da5a0c73,2024-05-14,Chat,False
cb336900-b012-48af-8f45-1f05c52cff8b,e65089f8-9b69-4899-a0f2-bafe03e6c7f3,2024-01-08,Email,False
36435d65-13d6-473f-b4e3-e45ae28d0375,e8c294e5-e3e0-4af2-aadc-bcbb77e4c339,2024-02-09,Email,True
922b296d-3a69-489b-85ee-9b3ad6c130a4,9ee25ed5-e5ae-483e-8e89-08ae39f3088f,2024-06-16,Phone,False
2293250d-d0f7-4d1d-a749-ed7c67daa395,6e46a1e4-4537-4371-9ae7-548c56943336,2024-07-18,Chat,False
a21fb397-7a9a-41de-a853-8f78a86047c2,899ee796-1fae-43de-8d68-b6ed08091a0f,2024-02-13,Chat,False
257f769a-6cac-468b-adae-481ce1f7d1ae,1d664e5b-d86e-4a54-9d4f-11efa34f9686,2024-06-15,,True
e1484ac6-e0a3-42dd-97ea-79f07a5407b6,c7f17f22-4ba9-4d2d-b8b7-0c514fb0b751,2024-01-11,Email,False
fc0311ab-194f-4c4a-8c68-fe3861fed0a1,f3e565ac-7ad0-4e6a-8bde-e12ba82bea2c,2024-04-18,Phone,True
960dc23e-dfea-425d-ba68-27631fa79e27,e78cedd7-bf36-4830-8f22-4552ac5599b7,2024-04-29,Phone,True
16d97ebe-f08b-41d9-802f-ed72bd856498,7213aa78-ff4f-4fc6-a7cd-c1307badbb07,2024-06-17,Email,True
4e23527f-7005-4651-bb6e-d7582f4aff42,51330407-f78c-4722-860a-d90dc1b595af,2024-04-16,Phone,True
d8889d98-7f6b-48ee-9ef4-ec612c6a7c62,8882d25f-56f0-46d3-b778-8b3e4d16f519,2024-03-18,Phone,True
3012f42e-f83e-48c9-9044-b9d3c6f81f10,4da4d70a-a5bf-4430-9f9e-11be2fdf42fb,2024-01-13,Chat,True
34307c90-9167-4ba3-b75a-e9981f53ae2f,329c9325-2d4b-4456-a5a7-d43f8300624a,2024-07-25,Email,False
de346641-0282-47a9-8906-611dbf55ad14,4ce1f2a2-d61f-43bf-81b8-7225cc56c14f,2024-07-07,Phone,False
f665b1cf-6ed8-432c-9384-a5a2ab2dc9b2,2cf5e96e-6e09-4d97-b5f3-a04cd0244cc8,2024-03-15,Email,True
db0c3553-7f8f-4abc-974f-e7ef9d646455,9f50ba63-e48d-4c8d-87ca-b0e8039a2f93,2024-06-17,Phone,True
fbe801fd-b167-4b51-94d0-67919863a259,e687205a-fc06-4534-ac1f-fb6295bfbc7f,2024-01-14,Email,False
c88ec4f9-032f-44db-a032-18b0cf5b1be3,32c43310-2156-40bf-a0bb-88ae963c2b3d,2024-02-17,Phone,True
6153b77d-1e2d-4188-a10b-dc31f6e1daf2,b90fe481-23fd-43db-b717-7efed70e20d1,2024-05-11,Phone,True
f3301343-0644-4f98-9d37-583d3c321d1b,37881568-6780-47d3-b586-5971c997fc1b,2024-04-20,Chat,False
7aa52382-cf4d-4fe1-a256-9674f90fe697,ec8c4b1f-37e1-4c34-9d5c-8f7da268cbb5,2024-07-30,Phone,False
b181684b-2fdb-433e-8c3e-826aa4e12905,2862a3af-dd74-45d3-9606-06cbc60729a4,2024-02-24,,False
77b43e7f-a7b5-4165-b406-4fdd7dfbae53,4166b61a-cb6d-4190-ac0b-df812c0308ff,2024-07-18,Phone,True
996df531-f1ec-4e41-8417-39550fad6293,1b02ee41-79f8-4e99-9f4d-eff19bc09c06,2024-04-28,Phone,False
557825ae-aee4-4dd6-a325-3b88b920d2c6,337a3f92-1acc-4418-9fd9-1bc92aefd16e,2024-01-06,Chat,False
1a70b25f-5790-40b9-accf-9049204989be,a816cf2d-0c49-4c1c-9a05-64715fc11b29,2024-04-20,Phone,False
32f1dac4-17f2-4ca3-b491-4c615d08e145,ec910504-7738-463c-b269-1b1617b09ad1,2024-06-20,Chat,False
bf0dbc0c-e1b1-4977-8f22-b25f2e05f989,72273f1a-f65c-4c13-89c9-806c1df61451,2024-05-25,Email,False
5dcbc5d3-f835-46ab-9f1b-8e42755284c2,9c1baa94-9eda-4531-b807-e6e05bedee88,2024-07-24,Chat,False
236dc36b-b460-43af-aa4f-cfdd01b2eb8d,98508bcb-cc65-43c1-8126-dd6aa3831d5c,2024-08-06,Chat,False
bcd1ce17-d7f0-41cd-a07d-8bd1429beffd,07ca86c3-8485-47a5-9d90-d8ccf2f12fe0,2024-06-10,,False
29f46bb7-a1dc-4187-81fa-b4b7b9828e23,83f85be8-d495-47ab-bea3-adfc7d241082,2024-05-27,,False
e993f9de-a478-4c0c-b863-3d2e81efe310,b00b496d-1daa-4b47-9d1c-b33517e4573f,2024-05-16,Phone,False
c16a4b18-6c53-4f02-b5be-32ce4a98092b,374abbc5-d5ad-47df-8212-30409e84c5c4,2024-07-16,Chat,False
ed8bea3e-662c-46ef-bf72-33a52132fc16,39ec85ac-c692-4946-8da8-7db6afa34dc3,2024-08-14,Chat,True
7c850945-da18-42fe-a7cd-932837c49a1d,66b615cf-36c3-428a-8c2e-b006c0f9ea7c,2024-04-05,Email,False
cb13af66-90af-4bc4-8fb5-acb25a592a80,0788f200-5721-41ec-9ff5-0ffc65fb465b,2024-05-25,Chat,False
26f45b0e-e71b-478f-8ace-8f444f81462b,f5b98c90-b50f-493b-a3db-ce059841f052,2024-06-09,Email,False
f7fa5a72-0a89-45f9-b052-9a4b6f46b445,0f843fb2-0824-457d-a319-bfde36e50398,2024-05-11,Email,False
704b1ad5-f45f-4086-acac-a79dd8438267,7528a62e-53a1-4576-9c68-ff35d103af2d,2024-08-11,Email,True
bfbf53e7-f064-4f73-a0b1-0479fbcb018b,c574c838-f8f7-4e22-b8fb-5950756262f4,2024-04-14,Phone,True
e2b7fd78-9135-4d5a-ac79-d17a0a6b56bd,08558fbe-cb5c-4229-af5f-2b5236b4756c,2024-02-21,Chat,True
45be6457-74ab-4fff-8fa2-222c1b2cb719,aef56cc0-b77a-4ef4-a4c7-82f6a7760fb3,2024-06-02,Chat,False
06410711-1308-4f98-a1ae-3143e2320358,e78cedd7-bf36-4830-8f22-4552ac5599b7,2024-01-17,Phone,False
fe51d0cb-b1aa-4f76-a3cb-1f3404eb821f,db764e86-f0ac-466d-ab8d-f557395b7a5a,2024-07-08,Chat,False
76ab147f-9091-4c23-b1cf-9c7ba658d31e,d84ee991-738d-4fce-add7-34c8ac144bdd,2024-05-11,Email,True
02c1f05a-d7e8-4a18-bd1f-9d84590ac506,e738d2c5-cd3e-48fc-b2d4-5c181e398120,2024-01-01,,True
1eff78f4-afc9-466b-a5c3-1a7616c2e75d,44b76e6b-5b75-4080-a619-d310669b11c0,2024-01-06,Chat,True
b99448f1-ff4c-4fbc-8e6b-15e57ea08010,5092f3c7-8ac9-444f-b361-4271ddf318c7,2024-05-25,Chat,True
0bad124e-2688-4edf-b0ba-f258706b9e63,7622c988-b135-4108-8c85-f99b453b1f9d,2024-02-13,Phone,False
3e8043ab-cfa5-4a4b-8d36-e70ddbf37cde,4906f8ff-632d-4e40-9819-b8f05a57ffe7,2024-04-22,Email,False
79589608-adc8-4294-97ef-06bf6adb2c7d,2d374acf-1c9c-412e-ac53-90e9892ac707,2024-05-30,Email,False
89030be4-deb6-4180-b03e-98d5bf6bd18d,394241ed-ac14-44eb-8051-873b041f1894,2024-07-28,Chat,True
0a842c92-f19d-457f-b636-0e1c5d2c67a6,4dcdd84f-3ba7-48b4-9aea-50fb92be028f,2024-07-13,Email,False
55e2fade-34a7-45f9-851d-2a168ba9477c,aa6b678d-9657-479b-95e7-da3d33daf3b6,2024-06-17,Email,True
b630c717-4489-45ae-96a0-5569731d7c1a,952f6b7a-4c86-478c-a97d-b7266b95fbe6,2024-03-10,Chat,False
33350628-740e-4824-bee8-c4b3ba0747da,87728329-1121-4e4c-b2d7-35cca67a2275,2024-05-24,Email,True
a378da21-6a0a-4e64-b396-72659c3b25fe,d4bb43e8-8f72-4ff6-ab26-b6fac8f26584,2024-06-19,Chat,True
26fcb3c2-f42d-45f7-8b34-9658b9096556,4d49980c-3673-45b6-8dec-800abe913197,2024-07-20,Email,True
6ee08edf-56c6-4269-b994-ff4d3b101077,b70e7c3c-6c5a-4469-88ac-b2857e5a92ed,2024-07-16,Chat,False
6b1d5199-6dc1-441a-addc-d7e807e1f40a,a22797d7-1202-4ae3-9266-a3a33bd5406e,2024-08-08,Email,True
58320c41-6484-405b-8e3b-21b7d1710678,4dd64bed-2baf-4b81-91b8-e781374787f5,2024-06-21,Phone,False
882ddd49-e861-4adc-b647-bb8bfa2a3237,38f05547-f7b0-4f41-a3d9-c57ecbf7d453,2024-08-09,Chat,False
6e9dd45d-ae5c-4c15-a14b-9793c08d871b,6bf29934-331d-4f11-b00d-1b1bf5bc3012,2024-04-21,,False
397da49b-970f-43f4-912a-08bdd560f5bd,025f5aca-fdb3-4dad-82e1-641eecf92d50,2024-08-15,Email,True
b67bc5de-c7e3-40a1-a2ff-f28cc5b7880e,7c71fc5b-61e6-4f22-b9b8-c5658210276a,2024-06-05,Email,True
e87e003d-219a-46b2-b0c3-eaa90d96414b,006af455-013b-4c09-a6df-15ca3d41010f,2024-01-08,Chat,False
e7bee914-bfee-4acf-b005-9c282c9ee78a,4dd64bed-2baf-4b81-91b8-e781374787f5,2024-07-12,Email,False
e1f645f7-8f17-4292-85b5-dad423ce05ea,52a86091-196e-4b0f-8f78-c252ace37d28,2024-03-19,,True
e43370ce-3078-4fe7-9f57-04d6b981acaf,2d374acf-1c9c-412e-ac53-90e9892ac707,2024-06-22,Chat,True
5e7f6199-f0d3-4f65-9ddb-85e75dfeb3ca,8810de37-671b-42cd-99f9-89f1aaf6da1c,2024-08-12,Chat,False
352f0d43-953c-409c-a272-fb8e7226ec34,e8c294e5-e3e0-4af2-aadc-bcbb77e4c339,2024-04-30,Chat,False
6769a15b-4444-4d8c-8df4-9ed2374b4915,1f22e566-13a0-4758-b42c-b0f6e997d46c,2024-07-08,Email,False
42d2441f-ff94-4e5f-bcdf-87289a4d8d50,69cebeb5-ba90-45d7-9c9d-438d7441a86d,2024-05-23,Phone,False
72afb9a0-82f0-481c-a420-f17c9756dfeb,3a98d8db-a695-4811-8dd7-dc0ad191e455,2024-06-28,Chat,True
04e95ab9-efd9-466e-bc18-039aa413efbd,500a7880-9ca6-40ce-9c21-65186d7f1eb8,2024-07-16,Chat,False
95f9b099-871d-4f72-9a8a-dbd21db230b6,ce8c4a0b-0579-4b86-aeff-5acee3c3021f,2024-06-21,Phone,True
397ccafa-f975-4c8f-8106-9cf93e2aef48,c32bbb29-fbd6-4145-8cf2-3cfa072ca189,2024-08-14,Phone,False
c7152e7a-218d-4779-8670-b60975907b92,394241ed-ac14-44eb-8051-873b041f1894,2024-03-25,Chat,True
5e47df97-8a09-4fc1-a420-c2f9d8fd8de7,dcf23921-ec46-463f-8649-2044a7d3163c,2024-06-02,Email,False
288b4706-32d3-4541-b8a4-d8cf50f3255a,8176e84e-6332-464e-a706-9643801e1586,2024-02-07,Chat,True
50d58df2-9a60-46c2-9fd4-120027e9c6f2,46995174-1c3b-40c5-b9b4-312bbfd49289,2024-01-12,Chat,True
7999f011-df57-40c6-a54f-a303475275e0,55d71f6a-a09c-4e86-86ae-c2c13e4fa152,2024-05-31,Chat,False
bee1b010-0fdd-4c23-a5bf-51a8140e0925,a3fc7d8e-7381-4104-9511-95d4149539ce,2024-01-01,Phone,True
66775fda-c41d-4ce4-a509-e82a81fd16f7,a672f866-e1e2-4212-9f00-c331c0606029,2024-02-03,Phone,True
84e311a9-1539-4341-bb7e-f88ea2f468f5,6f6bdbd5-fad6-424c-abc0-7911b83124ff,2024-07-07,Chat,False
88e6103e-2dfb-49d6-bd7c-f508a34db9a3,fdb19bbf-7ee4-4833-bba6-e9b22a898e39,2024-03-24,Chat,False
2da7c614-98d3-4ddb-8170-0392bb008dd9,df03db23-40db-4205-81b3-2fd2a0a0cfa7,2024-04-24,Chat,False
965fe4d6-8ec7-4c48-a105-6795b9b2c5e1,e6d8f10e-2ae8-446d-a0ed-bd0b5d29b3b6,2024-06-28,Chat,False
2ba8543e-e22d-4821-a266-9ecb2d932dbd,cc9a2115-b197-4a2b-9a6a-0fb2da5a0c73,2024-02-03,Email,True
e44822d9-c5b2-426b-a115-43585078e86d,64c3b31f-351c-4445-b609-1813020cef91,2024-08-04,Email,False
292d828f-ab9e-4f42-861b-bfe357a51990,c9586ca2-0282-4f57-9f11-c8894f6d7361,2024-03-12,Phone,True
256b1d24-c981-48fe-a411-95b106150018,ef24853c-6ee0-4dd1-9c7c-edd767420a6c,2024-01-20,Chat,False
7d64fb89-955f-44b4-8d1b-debe50cbdfbd,5f3977f9-82ae-42d7-97b5-114e8274b349,2024-05-17,Email,False
a4f9164c-2322-4418-be04-552410b4d80c,58432be5-350a-4ddb-9ab1-218e02c2f847,2024-04-28,Phone,False
91b9fd5d-e085-4575-bc21-11c57d8f00d2,480bccf9-0f7e-46e3-b5e4-f59de3a78e42,2024-04-04,Chat,False
c59550a5-9c4b-4172-ba2e-13e2e1135f51,4906f8ff-632d-4e40-9819-b8f05a57ffe7,2024-04-25,Chat,True
f6e4e6fa-a937-4a25-a8ab-36bf3ae979c3,7421ad8a-eead-44c6-870a-3e9371833c03,2024-02-16,Chat,True
b6629e4b-d90d-4e37-9aff-e4fd5685d509,321c2e5e-6127-4a81-b6b5-000d54c145b4,2024-07-06,Email,False
563a32db-06a2-40a4-866a-cb5e3d11f609,3a98d8db-a695-4811-8dd7-dc0ad191e455,2024-03-21,Phone,False
cffcf04f-b14f-4598-81c5-a754bf00979d,ffabe3fc-2780-4068-a25a-2d8174152b10,2024-04-21,Chat,True
ac7676b4-39a6-4834-9f93-92d7b0a88660,9d32e2e9-9d94-422b-b6dc-730b2fa668fd,2024-05-18,Chat,False
a8a9463d-bf16-48bf-9f3a-c29e35abb4b6,54071699-f838-4567-af10-ebc9368e025f,2024-02-09,Chat,True
b5feeb12-c6ab-4cb8-9ba9-8731763f359b,58432be5-350a-4ddb-9ab1-218e02c2f847,2024-06-06,Email,False
ee60122d-ed32-4bb1-9cf9-611f1feeb6d2,ffabe3fc-2780-4068-a25a-2d8174152b10,2024-05-09,Phone,True
a3fc0fce-068b-4185-9827-78c7a1066123,46429917-5a0f-4042-b39b-3dda0e9e9151,2024-04-15,Phone,True
b5826c72-73d6-47f5-af42-4708c596ed36,b6878cea-1767-4d07-bba5-a1a762f27aee,2024-08-07,Chat,True
6c765417-996c-43d0-86e6-9af235e07e1f,5c611a44-3106-4923-b046-ca494210731e,2024-05-23,Email,False
d87aa7eb-959e-47d8-b866-668cfb76d415,5ec59d77-b749-46af-9824-7613a9d1b306,2024-03-31,Email,True
b7243fd1-bd98-4257-b246-bc54d700780c,1f22e566-13a0-4758-b42c-b0f6e997d46c,2024-02-12,Phone,True
32166dd8-8550-4c02-846f-c0d1db100927,f80f4c90-42bd-43ad-8111-631c5ecac97f,2024-07-28,Chat,False
163dbbd1-dc13-458e-bc6e-9811197b3f99,4ce1f2a2-d61f-43bf-81b8-7225cc56c14f,2024-02-02,Chat,True
5d02785a-40f2-460f-9c74-f7677ac1a38a,5763fb1e-1da0-47ac-bcdd-ebf926dbf43b,2024-07-01,Chat,True
a2b5a6f1-89f6-4ab1-955f-efec9ef665b9,c83fa867-56ae-4338-8ac3-de10c62031f1,2024-01-17,Email,False
7243cef9-c69a-46c3-be91-95b83f3932e1,388d7ff2-2ef6-4f32-8801-db2dc2471212,2024-06-15,Phone,True
c279e37f-d027-4ceb-8d14-ec7f57d212d7,b557df31-34c0-45a0-9394-6bfa2b26a1fb,2024-07-20,Chat,True
5e998e58-dbca-4a83-ae87-48f15b340047,6f9a6e6a-a04f-49e3-974e-508015eec9f6,2024-02-21,Phone,True
4674ca98-f46c-41ad-adc6-f0d390c764eb,b90fe481-23fd-43db-b717-7efed70e20d1,2024-05-16,Email,False
2a44cd52-6824-4f6d-98b4-8e046acf7fae,1f22e566-13a0-4758-b42c-b0f6e997d46c,2024-07-05,Phone,False
183ed03f-11eb-44b6-aa90-522e25e2370c,fcea4c3d-d19d-4181-ab9b-5e5b1f26cf96,2024-07-21,Phone,True
2a8e1e31-e803-4b45-9eda-8338b116d277,ec77cf0d-5406-4a54-badb-aab6ba7c0ced,2024-05-16,Email,True
39c9ccd3-f0e4-4853-84c0-2cc116a88f68,7aa69157-98e8-47bc-8f87-60424d9c3613,2024-06-05,Email,False
90fc7472-d1c7-4433-b3e6-fdf2b49bd2f0,3a98d8db-a695-4811-8dd7-dc0ad191e455,2024-07-14,Chat,True
25130576-44f3-4224-bcf3-099b54c2b305,cf708bf2-a6f5-4119-b7b9-060573ca79c4,2024-07-16,Phone,True
676e69f6-e2ca-44e4-895b-0c0dc710b840,98508bcb-cc65-43c1-8126-dd6aa3831d5c,2024-03-17,Chat,True
871d6d71-7b2d-4b6f-a6a4-1cb60ebe5c78,7c797d18-1fc6-414f-b4e5-e436323a80d0,2024-01-16,Email,True
cd542052-5e87-4c5d-a921-4e5bdb2b35a0,f0726893-40da-463d-aefb-707b73f796e6,2024-04-05,,False
698f0128-92a4-438b-83a7-00d1440a9f4e,e47edfb0-2977-434a-8bc3-f75b8b6ea95c,2024-03-18,Phone,True
49965370-7a13-4886-ae59-a7780d9801f9,75702ccf-2ad2-484f-b9be-1c48bddc08c5,2024-07-14,,False
b6d5e140-a1ea-41b8-a38c-a23c669c2d2a,8d533d2a-7c02-4345-8a9d-0349182dd268,2024-07-04,Email,False
00571a5f-03ff-4615-85cf-cd540f2ccdad,bd56525d-e899-4312-9763-e79d3f6fa54c,2024-02-08,Chat,False
48a974b6-09d6-4331-bb72-ed62ee6b5116,35e9370c-b4c6-45c0-b6c7-85a9474fca61,2024-06-15,Phone,False
9e707011-1e3c-4006-8361-40f1ee0e1b54,b58957f3-667b-462a-9fd0-dc93ff521145,2024-06-07,Phone,False
35dc114d-c564-489a-9b97-35407897bc1a,6f9a6e6a-a04f-49e3-974e-508015eec9f6,2024-03-03,,False
ae9ecf53-e3b4-4bf7-b3c7-81ccb3cdeb9e,7528a62e-53a1-4576-9c68-ff35d103af2d,2024-02-10,Chat,True
6704a7a1-a61e-4baa-a2f1-fb2d46560aba,fb77bcae-7853-4a69-92e6-37ddfbeaa683,2024-03-23,Chat,True
63c6a2d8-8eea-4347-b54f-3850bdd41bde,f9591e3a-9268-4a26-9541-e7fbeb3bb44c,2024-07-28,Chat,True
f3778136-49fd-49b4-9bec-c494cad6b5b9,c574c838-f8f7-4e22-b8fb-5950756262f4,2024-07-05,Phone,False
6a5f6aa2-537e-4a94-bde4-fcbdce710ce0,8e39546e-5d13-42c5-b956-84d02ba2e1b7,2024-01-31,Chat,False
67ffe77e-28a1-46e8-9022-21438173ba36,93d47a90-0e32-498a-96f4-b33c1ee5d23f,2024-08-19,Chat,True
9f8bd98f-7765-4307-bc67-ad9a08c89975,9ca4c4ed-49bd-445d-9dad-9a32cbbb2145,2024-07-16,Chat,False
fa33ebc3-42ee-4650-a473-fb99d97286a2,d35f144f-88dc-4908-8c59-2ad05075d919,2024-01-20,Email,True
b742a64e-7424-483d-9a9a-7f2ebc07f66f,afb47af0-4389-4954-972b-964db440169c,2024-05-07,Chat,False
00f8180f-66fe-46a5-9d8c-caf7b97c23d1,0a1fae74-7af1-4032-8d72-0b0a14f9bd1b,2024-06-29,Chat,False
b2bd0eb4-11d3-42a1-889b-38f525dfb3c0,e9197652-e110-4cdf-9227-23c66f0a2f33,2024-06-24,Chat,False
69816aa2-d657-4f75-ac45-c55cdb21dd45,febd4cc4-d9ee-49d7-a4f2-1dcdbe1c49a5,2024-07-31,Chat,False
e1bfd3c1-a3e3-4195-9fe9-892b2828f26a,d9d4012e-c135-452d-973a-b824f10ffc43,2024-02-01,Chat,True
30fc5283-87b2-49bd-ab4a-6a327287076e,04ad0d8e-9199-4b32-94b6-55fa1868c331,2024-05-15,Email,False
3ee26cb5-37f7-4d7a-a829-2c7544d3cee2,c09bb5b8-b44b-4f81-a231-36843fc824d2,2024-01-31,Chat,False
06fff312-e1f5-4ea6-b5f1-d5ac0ca1f278,e5ad8793-f122-4924-bf84-74ee9a830f6f,2024-02-28,Email,True
466f3537-251a-4d06-97eb-0bebff34f0c0,b6878cea-1767-4d07-bba5-a1a762f27aee,2024-08-14,Chat,False
f5247f33-5a21-49ec-8b5f-78790c4b7b74,319a1175-3869-4067-bead-d13f371071e4,2024-07-19,Chat,False
3feb06ba-fafe-4680-9c0c-92ecc6b97544,7421ad8a-eead-44c6-870a-3e9371833c03,2024-01-05,Email,True
46448168-06ef-4fa3-829c-cf3d89c2547c,a656f3c3-fd35-488f-a171-12522396e418,2024-04-26,Chat,False
327677aa-a3b1-4700-851b-d16a312a3b30,2ede74c5-b9f0-4325-a874-f179e13d0c33,2024-02-22,Phone,True
95b608a8-2b2c-45bb-84cf-0b0ad7f91e37,480bccf9-0f7e-46e3-b5e4-f59de3a78e42,2024-04-07,Phone,False
f7e15190-83d5-4282-aa19-53d65e72ea6c,febd4cc4-d9ee-49d7-a4f2-1dcdbe1c49a5,2024-05-15,Email,True
0a78223f-74cd-4e5e-a769-bb86daad8b9f,3f6c26f3-aef8-4992-a588-18b2d28726ff,2024-08-08,Chat,True
dd215643-db22-46db-a85b-74563a72c8df,d175f8f1-f29f-448f-a9bf-28d9d20e6d47,2024-05-31,Chat,True
00960c9f-02c5-407c-8bb4-5d81747be2ea,f963092b-fa72-4017-bfa5-a7daec18bc46,2024-02-15,Chat,False
5dd91bf5-3f6e-4304-8e86-d53b69dea7f9,caf55914-e4c8-4286-bf17-525690611587,2024-06-25,Email,True
dabb70b5-5a20-415a-80eb-86e5268e35b2,df03db23-40db-4205-81b3-2fd2a0a0cfa7,2024-03-10,Phone,True
6a145159-8571-4200-9e18-6e968a298696,75af95a2-e30e-4841-9eaa-0bc65340b18a,2024-04-15,Email,False
62dc936e-a13b-4aa1-8dc0-d2bd51b0697d,83f85be8-d495-47ab-bea3-adfc7d241082,2024-02-18,Email,True
1d659082-7618-43d1-a5ce-fbb77165aeea,d2c89e2c-00a6-47ca-b68e-354a85d82544,2024-03-22,Email,False
0fb9ce81-c79f-480d-81c7-06e7bcca8bb4,022be62d-eb06-4ef4-b6e7-5ddc92ba2009,2024-01-01,,True
7e16d164-dacb-4fac-95b7-9d81df356863,3e77461b-6339-47c3-b701-14ddf2d53df0,2024-03-31,Chat,False
636707a3-0450-4b50-8058-a61bb5c3763d,e7b2165a-a574-4b2a-8d1b-4a1b686f163b,2024-07-30,Chat,True
f73e4490-3c1a-425b-b6a9-b9a7741ccc54,55d71f6a-a09c-4e86-86ae-c2c13e4fa152,2024-07-27,,False
4426f433-a1ea-4bc7-8719-f5788755cb5a,471524fb-d938-4f65-80d0-6ee269761b2f,2024-03-13,Email,False
39c2ea9c-ab8a-4b7b-8c76-46c5b7695eec,3167751a-2b48-4dec-92d7-a36492ae65ce,2024-02-04,Email,True
c62abc7a-890e-4af6-aad4-499d49b646f0,5c611a44-3106-4923-b046-ca494210731e,2024-06-02,Email,False
f95ae45a-feb5-4c9f-abba-ff6cb34ebbd3,8b32a852-99ed-4dec-89a4-1f44ffcf50b1,2024-02-25,,True
1be4e2c7-32bc-4c12-b586-f63b0f45e9aa,3f6c26f3-aef8-4992-a588-18b2d28726ff,2024-03-28,Chat,False
f46643ad-dd43-46dc-b01e-e27e5ee5ea25,3a7ca2df-0ed0-44a7-aba5-ac081a39d08f,2024-02-29,Phone,False
c3d78f98-615a-448c-840a-5c06b92ab215,627d9829-6d52-4899-b01e-9c4843c67bd1,2024-05-24,Email,True
27277e5b-4335-4714-b5f7-4c4dcd1f3096,d1ab5bf3-78e6-47b4-8db4-7064beb9482d,2024-06-19,Email,True
6f1e144d-1272-47d2-bb93-de47dd7ab5aa,a28e0da1-cb27-4de4-bf2d-6a40b8c9985b,2024-05-12,Phone,True
79c8262f-b678-43a2-b603-c6407072aa66,471524fb-d938-4f65-80d0-6ee269761b2f,2024-02-10,Email,True
8490cf84-a7c0-4544-b426-d0ee616ba78a,2feb157a-03d9-4715-9b4b-db6d46c9221f,2024-02-13,Phone,True
3447d2bf-0775-432b-aedf-2cafcadadb68,e8c294e5-e3e0-4af2-aadc-bcbb77e4c339,2024-03-03,Chat,True
50181382-3025-4e68-b932-6cd164ad641e,2673e21b-07b1-4804-ad33-2ccfa93a54ad,2024-01-11,Email,True
0645bffa-b08b-4158-acec-050651ba7b92,f546da7e-12b3-4d44-8d3f-7628869787ca,2024-06-11,Chat,True
db0480bb-4982-4cd3-8976-2f424abb6756,8176e84e-6332-464e-a706-9643801e1586,2024-05-17,Email,False
f76cf92f-11a9-4577-8a81-6f7d57be5eeb,bf6a39cd-3f6f-4db8-979b-309e062a0bd6,2024-05-20,Chat,True
e0d2a51d-823e-4a07-8ddc-bb448573962e,66bf0b0c-ef19-4104-958b-fe54d80fe054,2024-06-03,Phone,True
e5130645-2a7b-41a0-9130-6251b05755a6,babec972-ffb3-4c56-99c3-e8e3855adf0f,2024-07-20,Phone,True
e6189ecc-abf4-469a-b0c9-53fbf7f9f872,cde0c2fb-5bd7-43f6-a9ac-7f27d89005c7,2024-05-15,Phone,True
45c43f74-3ccb-4475-b4c7-c8634437d7a8,708d05ed-2031-4b3b-b7ba-653b6fef47ba,2024-07-05,Email,True
8f57b2f0-e938-4c82-ba9d-2cde9aaae4bd,f1cf6898-0bf9-49fb-b0a8-e80c8ac17f6b,2024-01-16,Chat,True
a0e38e12-e1ac-474d-9833-55be2a5d58d2,56913285-ca55-478c-9458-f85607bc2882,2024-07-11,Email,True
d2870872-6a6e-4389-b2df-201da22cf953,45a5bd86-2bb5-48d5-8af8-6e10c7e07bb7,2024-04-20,Email,False
12b12c19-7679-40b8-b01d-5e34138e84cf,f29bdd0d-458f-4ab2-99e7-4b5ac1044984,2024-04-17,Email,False
574f2cf9-30bc-4946-92fe-066df61f0d80,e47edfb0-2977-434a-8bc3-f75b8b6ea95c,2024-04-28,Email,False
780a22d5-cc88-492a-867a-6f04c4b40312,69a16a0a-81e7-4438-b116-b60a3ccd2c7f,2024-04-15,Phone,True
df0c9594-35df-4909-b2fa-c42fba45d182,eb4c8fec-1fce-4b07-a64a-a628730fe8d4,2024-03-01,,False
865ad8a5-e477-4737-8449-50bec04ac381,afdc2a3c-a1f6-49c2-91a8-734374338851,2024-08-03,Email,True
200a67c8-bc74-4df2-86c8-42ef52b45190,d1ab5bf3-78e6-47b4-8db4-7064beb9482d,2024-07-02,,False
05da4220-6efd-4603-a634-34256c6f1273,8e39546e-5d13-42c5-b956-84d02ba2e1b7,2024-02-18,Chat,True
79404eed-6c82-4382-ac2b-93d3f63cd64f,8e39546e-5d13-42c5-b956-84d02ba2e1b7,2024-04-28,Email,False
c8be9d6b-e393-431f-97c2-5181f6dc3eeb,8ea03ec4-de7c-4231-92b4-3aea610cdfaf,2024-05-04,Phone,True
ae6edae4-f8c8-4f34-bdae-54eccd16a8ac,a956e5f8-b764-439a-b921-53cc68af9d0d,2024-03-19,Email,False
b3e34d17-6137-4f81-9ec4-616753f89726,ffcafa36-1e0d-457e-92a5-3dda71742abd,2024-04-20,Email,False
eae79102-f0e7-4152-8dd3-6547b82091a2,21481327-547c-4927-8a2b-501ccc395aff,2024-06-07,Chat,False
a20ab78f-1d4b-4f16-b412-72bebb357461,6693ba68-e359-4332-9500-1c6bf20b81c8,2024-02-20,Email,False
82ccee30-e904-45d5-b24f-05b172912ea9,48f17009-8f9a-4b05-a050-d881008a790b,2024-06-12,Email,True
cc84de62-3138-4a5c-b705-3477ecbf1d5b,e389eea3-1879-4df8-9311-fb2b068c4082,2024-02-26,Phone,False
56d190c0-e5d5-44e2-8912-8921f3fd7a90,b635dea8-76be-45c8-a900-1ac6f0a142c2,2024-04-08,Email,True
b4e79759-c225-43c6-8cd8-76840b886290,99584202-0270-4f74-bc88-429c690a8b5c,2024-06-15,Phone,False
44dd8fa7-b79f-4acf-b964-51302b760993,6657a2b2-3041-43b0-ad51-0118b0345ca1,2024-08-08,Chat,False
45b9d2ce-e2fd-46ab-8ade-86c857236b52,1f22e566-13a0-4758-b42c-b0f6e997d46c,2024-04-29,Chat,True
24d89ec7-159b-4f3b-b563-4028584206ba,55d71f6a-a09c-4e86-86ae-c2c13e4fa152,2024-02-23,Chat,False
91fb0e43-7610-47e7-8af9-48ea93557b40,b90fe481-23fd-43db-b717-7efed70e20d1,2024-04-27,Phone,False
3a93f1e5-df91-4b50-b7f0-df8f876a7341,5372abfe-a410-44a5-8e36-31bea77cc6dd,2024-04-17,Phone,True
34be9e28-831c-4a76-a682-3f19823c5393,ea0fc986-f19d-4eb6-9a00-7e1c1bc6025e,2024-08-15,Email,True
ca68f763-86f3-4e28-a1a2-dcc619d1db45,b6878cea-1767-4d07-bba5-a1a762f27aee,2024-02-25,Email,True
0e2f5507-5d0d-4fe2-aeb3-9e3b7850059e,5948fec3-3105-42c5-ba35-ae64d252edca,2024-03-10,Email,False
e1be6fce-3bf8-428e-886f-3af80b5582be,1872c8f7-6724-46e0-949b-d5f4140d39ed,2024-03-13,Email,True
7e7d11a3-dc96-488c-85bf-066009947a65,6c835c17-8b45-4303-8a5b-3b5c6714aa86,2024-07-07,Chat,True
9bb94483-f72f-4d4c-9953-b2988c9ee341,e47edfb0-2977-434a-8bc3-f75b8b6ea95c,2024-07-20,Chat,False
06490fc1-5415-4ef0-aa64-6782df2707f5,f7c4d1cd-18dc-475c-9a5c-1131df8c23dd,2024-05-15,Email,False
2eca86d8-6167-4303-81be-12025aebc525,337a3f92-1acc-4418-9fd9-1bc92aefd16e,2024-03-26,Phone,True
71b99364-3fcb-40c1-be44-fd61e4a469da,cbd8dd38-90fb-42bd-bff4-11f6b2057957,2024-04-24,,False
8b10eba9-bee6-4971-ac8e-e302cc2a27e1,2434fcc8-d8d7-4f5d-a102-eb464d535a66,2024-04-24,Email,True
f7198df7-ae2c-4deb-9d44-c26c5448e5ba,d35f144f-88dc-4908-8c59-2ad05075d919,2024-07-04,Chat,False
580d1af8-8b0c-4374-acf2-4ce57889ebb3,b7cc50b3-970a-4ba6-9503-b220c104467c,2024-06-17,Phone,False
8a99c5b8-27d3-413f-82b2-ec347eaae86c,37881568-6780-47d3-b586-5971c997fc1b,2024-01-17,Email,False
9304158f-0630-4447-af57-4950604a2d59,703758f1-a8fe-491b-aba0-4c375aaf40ee,2024-07-10,,True
3076a509-46ce-4404-89ee-919afa6ffa7a,fd2111bb-5635-40f4-90a5-68c4e90c9304,2024-03-13,Phone,False
a07a5642-2772-47a1-aa3e-903744ac4c61,ffcafa36-1e0d-457e-92a5-3dda71742abd,2024-08-10,,True
201efee5-85fb-4bda-a436-be78c6071462,6657a2b2-3041-43b0-ad51-0118b0345ca1,2024-03-25,Phone,True
9c4b12fe-11b7-441d-b252-793d5832f3f3,c756b950-6500-4c4a-90c9-61aea582d3ab,2024-04-30,Phone,False
f7e875d8-ad4d-4248-b1df-f424a1f6dc1b,742f0811-2251-4809-b175-2f6b2be2baa3,2024-06-12,Email,False
c88ec4f9-032f-44db-a032-18b0cf5b1be3,32c43310-2156-40bf-a0bb-88ae963c2b3d,2024-02-17,,True
3d9dcd53-7edd-4672-bfcf-a03b430b2935,dae0689d-0c38-440c-b921-fe2413c3df3b,2024-07-20,Email,False
3cb8408d-0738-4724-8f16-11814a328139,46995174-1c3b-40c5-b9b4-312bbfd49289,2024-04-15,,False
b8e33e76-6611-4613-963e-be59daf3f55b,77fad2f0-0e5c-4a1d-b7da-63e154f71b8e,2024-02-19,Email,True
2f0e2e1f-f6a3-46db-9379-4becd221efcd,d6ae30a4-41de-40b1-8f7b-3acdcaedb4ce,2024-06-23,Chat,True
32166dd8-8550-4c02-846f-c0d1db100927,f80f4c90-42bd-43ad-8111-631c5ecac97f,2024-07-28,Chat,False
2ea43050-75ee-4c12-b9fc-92f4ebc596e4,35e9370c-b4c6-45c0-b6c7-85a9474fca61,2024-05-21,Email,False
544d6348-cc9c-4c36-9fbe-eaf7e845e682,cc9a2115-b197-4a2b-9a6a-0fb2da5a0c73,2024-01-30,Email,True
9cb2062d-e49a-43d5-a416-8eafab054efb,55d71f6a-a09c-4e86-86ae-c2c13e4fa152,2024-04-21,Email,False
067a3d7f-82f1-47d0-bf49-040242731d65,230d356d-0e2e-42f7-a1aa-b80fe11f3b8d,2024-05-15,Phone,False
017a1931-184f-4dd6-8ee0-a9a937a22ebc,5aa953b3-e4bd-4b14-be0b-9e895d39156c,2024-08-09,Email,False
7d64fb89-955f-44b4-8d1b-debe50cbdfbd,5f3977f9-82ae-42d7-97b5-114e8274b349,2024-05-17,Email,False
5e998e58-dbca-4a83-ae87-48f15b340047,6f9a6e6a-a04f-49e3-974e-508015eec9f6,2024-02-21,Phone,True
61fbd285-7112-41b0-95a9-ef0611ac831f,6db91da3-dff0-4c73-8dd5-aa1a5ce857bc,2024-08-06,Phone,True
63b91b09-44d4-4729-823d-54270f9616e0,66bf0b0c-ef19-4104-958b-fe54d80fe054,2024-01-29,Email,False
c43caba7-be42-4495-b4a1-9945158a33b7,96012fd8-091c-4290-a3c3-b8fb9b8772e0,2024-05-15,,True
db0c3553-7f8f-4abc-974f-e7ef9d646455,9f50ba63-e48d-4c8d-87ca-b0e8039a2f93,2024-06-17,Phone,True
67777fe2-648d-4c20-83ae-6e5b93fc9ee4,d4caa050-cff9-41a7-ad83-9140288c3dec,2024-02-17,Chat,False
94efa0fe-4bdf-4833-a6dc-536f2ef645df,627d9829-6d52-4899-b01e-9c4843c67bd1,2024-04-17,Email,False
540261f9-d7ae-4334-930e-9a4058bd116c,6693ba68-e359-4332-9500-1c6bf20b81c8,2024-05-18,Chat,False
c2a76a24-7512-45a1-9b71-6c4346a10c05,8882d25f-56f0-46d3-b778-8b3e4d16f519,2024-08-16,Phone,True
f4655413-dba8-4625-bd30-0164e684db6c,244c19ed-7991-47e0-8947-741e1af8ead2,2024-01-04,Phone,True
4cf5f97e-b8c4-4186-8d8a-83cd980ac225,9ee25ed5-e5ae-483e-8e89-08ae39f3088f,2024-07-19,Chat,False
39c9ccd3-f0e4-4853-84c0-2cc116a88f68,7aa69157-98e8-47bc-8f87-60424d9c3613,2024-06-05,Email,False
f95ae45a-feb5-4c9f-abba-ff6cb34ebbd3,8b32a852-99ed-4dec-89a4-1f44ffcf50b1,2024-02-25,Phone,True
de3f226c-1c27-4025-88bb-64f994d16890,230d356d-0e2e-42f7-a1aa-b80fe11f3b8d,2024-04-14,Chat,False
7e16d164-dacb-4fac-95b7-9d81df356863,3e77461b-6339-47c3-b701-14ddf2d53df0,2024-03-31,Chat,False
6b860e0f-18cd-4489-8771-5171af5c72a3,342e9e90-fb41-42ef-9778-34ee2c4c536e,2024-08-03,Chat,False
b9e614ca-61fe-4edc-9813-fcc007bdd37a,58f2b617-5029-4905-a59e-93577f9aeb7e,2024-07-10,Chat,False
29e4b0b8-4f4f-476e-a939-66cd85e4543a,3a98d8db-a695-4811-8dd7-dc0ad191e455,2024-01-08,Chat,True
45c43f74-3ccb-4475-b4c7-c8634437d7a8,708d05ed-2031-4b3b-b7ba-653b6fef47ba,2024-07-05,,True
f8d0ade9-9cba-4809-905c-91d468b76206,dda34362-f2b6-42ac-966c-ba2d786a33f1,2024-02-17,Email,True
